OBJECTID,GEOID10,WCCDistrict,DPDPrecinct,DETCouncilDist
1,26163593200,14,,
2,26163591800,14,,
3,26163575100,13,,
4,26163575300,13,,
5,26163575200,13,,
6,26163572700,8,,
7,26163567900,12,,
8,26163565900,12,,
9,26163556800,9,,
10,26163599100,14,,
11,26163524800,4,4,6
12,26163564700,10,,
13,26163565700,11,,
14,26163559200,8,,
15,26163559000,9,,
16,26163566600,11,,
17,26163584200,14,,
18,26163569200,12,,
30,26163593300,14,,
31,26163571500,8,,
32,26163598000,14,,
33,26163570900,12,,
34,26163570200,12,,
35,26163573000,8,,
36,26163596300,15,,
37,26163521900,2,3,6
38,26163521800,2,3,6
39,26163521500,2,3,6
40,26163521400,2,3,6
41,26163521300,4,3,6
42,26163521100,4,4,6
43,26163985300,2,3,6
44,26163520800,2,3,6
45,26163520700,2,3,6
46,26163520400,2,3,6
47,26163520300,2,3,6
54,26163516900,2,7,5
55,26163516800,2,7,5
56,26163516700,2,7,5
57,26163516600,2,7,5
58,26163516500,2,7,5
59,26163516400,2,7,5
60,26163516300,2,7,5
61,26163516200,2,7,5
62,26163516100,2,7,5
63,26163515700,2,7,5
64,26163515600,2,7,5
65,26163515400,2,7,5
66,26163515300,2,7,5
67,26163515200,2,7,5
68,26163514500,2,7,5
69,26163583000,14,,
70,26163596100,15,,
71,26163580400,15,,
72,26163580500,15,,
73,26163583600,14,,
74,26163572900,8,,
75,26163568700,12,,
76,26163577000,4,,
77,26163570100,12,,
78,26163572400,8,,
79,26163594200,15,,
80,26163594300,15,,
81,26163591900,14,,
82,26163592000,14,,
83,26163553800,3,,
84,26163553600,3,,
85,26163553400,3,,
86,26163553300,3,,
87,26163553200,3,,
88,26163553100,3,,
89,26163520200,2,3,6
90,26163518800,2,7,5
91,26163518600,2,7,5
92,26163518500,2,7,5
93,26163518400,2,7,5
94,26163518000,2,3,5
95,26163517500,2,3,5
96,26163517200,2,3,5
97,26163517100,2,7,5
98,26163517000,2,7,5
99,26163569900,12,,
100,26163564900,10,,
101,26163573600,13,,
110,26163514300,2,5,4
111,26163514100,2,5,4
112,26163513900,2,5,5
113,26163513600,2,5,5
114,26163513300,1,5,4
115,26163513200,1,5,4
116,26163512900,1,5,4
117,26163512600,1,5,4
118,26163512400,1,5,4
119,26163512300,1,5,4
120,26163512100,1,5,4
121,26163511900,2,3,5
122,26163572200,8,,
123,26163579700,15,,
124,26163557000,9,,
125,26163556200,9,,
126,26163571800,8,,
127,26163563500,10,,
128,26163572100,8,,
129,26163571700,8,,
130,26163560400,9,,
131,26163553000,3,,
132,26163552400,3,,
133,26163552300,3,,
134,26163552200,3,,
135,26163552100,3,,
136,26163552000,3,,
137,26163551800,1,,
138,26163551700,1,,
139,26163551600,1,,
140,26163551500,1,,
141,26163551400,1,,
142,26163551300,1,,
143,26163564800,10,,
144,26163578500,4,,
145,26163594000,15,,
146,26163578600,4,,
147,26163577400,4,,
148,26163985900,2,7,5
149,26163985200,2,5,4
150,26163511200,2,3,5
151,26163985100,3,,5
152,26163510700,3,11,5
153,26163510600,3,11,3
154,26163510500,3,11,3
155,26163510400,3,11,3
156,26163508000,5,12,2
157,26163507900,5,12,2
158,26163507800,5,11,3
159,26163597000,15,,
160,26163589400,11,,
161,26163583200,14,,
162,26163585500,11,,
163,26163561700,10,,
164,26163564600,10,,
165,26163576300,13,,
166,26163580200,15,,
167,26163551200,1,,
168,26163551100,1,,
169,26163550900,1,,
170,26163550800,1,,
171,26163550700,1,,
172,26163550600,1,,
173,26163550500,1,,
174,26163550400,1,,
175,26163550300,1,,
176,26163550200,1,,
177,26163550100,1,,
178,26163546900,7,6,7
179,26163985700,13,,
180,26163574202,13,,
181,26163985000,7,10,6
182,26163526500,7,2,6
183,26163564504,10,,
184,26163564503,10,,
185,26163564502,10,,
186,26163591501,14,,
187,26163591502,14,,
193,26163507500,5,11,3
194,26163507400,5,11,3
195,26163507300,5,11,3
196,26163507200,5,11,3
197,26163507100,5,11,3
198,26163507000,5,11,3
199,26163506900,5,11,3
200,26163506800,5,11,3
201,26163506700,5,11,3
202,26163506600,5,11,3
203,26163506500,3,11,3
204,26163506400,3,11,3
205,26163579800,15,,
206,26163579600,15,,
207,26163554900,8,,
208,26163581200,15,,
209,26163595000,15,,
210,26163599000,14,,
211,26163570400,12,,
212,26163593000,14,,
213,26163579500,15,,
214,26163546800,7,6,7
215,26163546700,7,6,7
216,26163546600,7,6,7
217,26163546500,7,6,7
218,26163546400,7,6,7
219,26163546300,7,6,7
220,26163546100,7,6,7
221,26163546000,7,6,7
222,26163545900,7,6,7
223,26163545800,7,6,7
224,26163545700,7,6,7
225,26163545600,7,6,7
226,26163545500,7,6,7
227,26163545400,7,6,7
228,26163522400,2,3,5
299,26163533900,2,3,5
300,26163568800,12,,
301,26163567201,12,,
302,26163567202,12,,
303,26163564402,10,,
304,26163564501,10,,
305,26163524900,4,4,6
306,26163573701,13,,
307,26163573702,13,,
308,26163506300,3,11,3
309,26163506200,3,11,3
310,26163506100,3,11,3
311,26163505200,3,9,4
312,26163505100,3,11,3
313,26163505000,3,9,3
314,26163504900,3,9,3
315,26163504800,3,11,3
316,26163504700,2,7,3
317,26163504400,3,9,4
318,26163504300,3,9,4
319,26163504200,3,9,4
320,26163565800,12,,
321,26163568500,11,,
322,26163573100,8,,
323,26163568000,12,,
324,26163569700,12,,
325,26163569100,12,,
326,26163560300,9,,
327,26163571000,12,,
328,26163985600,15,,
329,26163582100,15,,
330,26163581900,15,,
331,26163545300,7,6,7
332,26163545200,7,6,7
333,26163545100,7,6,7
334,26163544300,6,8,1
335,26163544200,6,8,1
336,26163544100,7,6,1
337,26163544000,7,6,1
338,26163543900,7,6,1
339,26163543800,7,6,1
340,26163543700,7,6,1
341,26163543600,7,6,1
342,26163543500,6,8,1
343,26163543400,6,8,1
344,26163560200,9,,
345,26163560100,9,,
346,26163561600,10,,
347,26163562800,10,,
348,26163561300,9,,
349,26163561200,9,,
350,26163504100,3,9,4
351,26163504000,3,9,4
352,26163503900,3,9,4
353,26163503600,3,9,3
354,26163503500,3,9,3
355,26163503400,3,9,3
356,26163503300,3,9,3
357,26163503200,3,9,3
358,26163503100,3,9,3
359,26163502000,1,5,4
360,26163501900,1,5,4
361,26163501800,1,5,4
362,26163501700,1,5,4
363,26163501600,1,5,4
364,26163570500,12,,
365,26163590600,11,,
366,26163563700,10,,
367,26163590500,11,,
368,26163546200,7,6,7
369,26163571600,8,,
370,26163572500,8,,
371,26163581800,15,,
372,26163580600,15,,
373,26163569400,12,,
374,26163543200,6,8,1
375,26163543100,6,8,1
376,26163543000,6,8,1
377,26163542900,7,8,1
378,26163542800,7,8,1
379,26163542700,7,6,1
380,26163542600,7,6,1
381,26163542500,7,8,1
382,26163542400,7,8,1
383,26163542300,6,8,1
384,26163542200,6,8,1
385,26163542100,6,8,1
386,26163541800,6,8,1
387,26163564401,10,,
388,26163562600,10,,
389,26163562300,10,,
390,26163512200,2,5,4
391,26163574300,13,,
392,26163568900,12,,
393,26163985500,2,7,5
394,26163517300,2,3,5
395,26163518900,2,7,5
396,26163513700,2,5,5
466,26163501500,1,5,4
467,26163501400,1,5,4
468,26163501300,1,5,4
469,26163501200,3,9,4
470,26163501100,3,9,4
471,26163501000,3,9,4
472,26163500900,1,9,4
473,26163500800,1,9,4
474,26163500700,1,9,4
475,26163500600,3,9,4
476,26163500500,3,9,4
477,26163500400,3,9,4
478,26163500300,1,9,3
479,26163566400,11,,
480,26163567300,12,,
481,26163571900,8,,
482,26163562700,10,,
483,26163554300,8,,
484,26163556900,9,,
485,26163558700,9,,
486,26163557100,9,,
487,26163558100,9,,
488,26163589300,11,,
489,26163541700,6,8,1
490,26163541500,6,8,1
491,26163541400,6,8,1
492,26163541300,6,8,1
493,26163541200,6,8,1
494,26163541100,6,8,1
495,26163541000,6,8,1
496,26163540900,6,8,1
497,26163540800,6,8,1
498,26163540700,6,8,1
499,26163540600,6,8,1
500,26163540500,6,8,1
501,26163540400,6,8,2
502,26163540300,6,8,2
503,26163505400,3,9,4
504,26163505500,2,5,3
505,26163511000,3,11,3
506,26163511300,3,11,3
507,26163523300,4,4,6
508,26163523200,4,4,6
509,26163523100,4,4,6
510,26163522300,2,3,5
511,26163522200,7,3,5
512,26163522100,4,3,6
513,26163522000,2,3,6
576,26163515900,2,7,5
577,26163508100,5,11,3
578,26163511400,2,3,5
579,26163514200,2,7,5
580,26163516000,2,7,5
581,26163522500,2,3,6
590,26163500200,1,9,3
591,26163500100,1,9,3
592,26163577500,4,,
593,26163577200,4,,
594,26163575500,13,,
595,26163576100,13,,
596,26163595200,15,,
597,26163584000,14,,
598,26163584400,14,,
599,26163576400,13,,
600,26163576700,13,,
601,26163562400,10,,
602,26163563400,10,,
603,26163569800,12,,
604,26163583700,14,,
605,26163577600,4,,
606,26163577700,4,,
607,26163573900,13,,
608,26163595100,15,,
609,26163580900,15,,
610,26163563300,10,,
611,26163540200,6,8,2
612,26163540100,6,8,2
613,26163539700,6,12,2
614,26163539600,6,12,2
615,26163539500,6,12,2
616,26163539400,6,12,2
617,26163539300,6,12,2
618,26163539200,6,12,2
619,26163539100,5,12,2
620,26163539000,5,12,2
621,26163538900,5,12,2
622,26163538800,5,12,2
623,26163525000,4,4,6
624,26163530900,5,10,7
625,26163579900,13,,
626,26163552800,3,,
627,26163562500,10,,
633,26163576500,13,,
635,26163577800,4,,
636,26163577900,4,,
637,26163577300,4,,
638,26163581500,15,,
639,26163584700,14,,
640,26163584600,14,,
641,26163584500,14,,
642,26163576600,13,,
643,26163576200,13,,
644,26163578000,4,,
680,26163591600,14,,
681,26163555400,8,,
682,26163554600,8,,
683,26163556300,9,,
684,26163554200,8,,
685,26163558200,8,,
686,26163557200,9,,
687,26163558000,9,,
688,26163567400,12,,
689,26163567800,12,,
690,26163538700,5,12,2
691,26163538600,5,12,2
692,26163538500,5,12,2
693,26163538400,5,12,2
694,26163538300,5,12,2
695,26163538200,5,12,2
696,26163538100,5,12,2
697,26163537800,6,2,1
698,26163537700,6,2,1
699,26163537600,6,2,1
700,26163537500,6,2,1
701,26163537300,7,2,1
702,26163537200,6,2,7
719,26163579100,15,,
720,26163586300,11,,
721,26163566500,11,,
722,26163579200,15,,
723,26163587000,11,,
724,26163579300,15,,
725,26163577100,4,,
726,26163556500,9,,
727,26163569300,12,,
728,26163557500,9,,
729,26163557900,9,,
730,26163557300,9,,
731,26163554700,8,,
732,26163558300,9,,
733,26163559100,8,,
734,26163557400,9,,
735,26163537100,6,2,2
736,26163537000,6,12,2
737,26163536900,6,12,2
738,26163536800,5,12,2
739,26163536700,5,2,2
740,26163536600,5,10,7
741,26163536500,5,10,7
742,26163536400,5,10,7
743,26163536300,5,12,2
744,26163536200,5,12,2
745,26163536100,5,12,2
746,26163535700,7,2,7
747,26163535600,7,2,7
748,26163535500,7,2,7
755,26163588300,11,,
756,26163590400,11,,
757,26163563600,10,,
758,26163563800,10,,
759,26163564300,10,,
760,26163587900,11,,
761,26163564200,10,,
762,26163565000,10,,
763,26163565100,12,,
764,26163558500,9,,
765,26163565300,12,,
766,26163583900,14,,
767,26163565200,12,,
768,26163562900,10,,
769,26163563200,10,,
770,26163566700,11,,
771,26163588000,11,,
772,26163585800,11,,
773,26163570600,12,,
774,26163535400,7,2,7
775,26163535300,7,2,7
776,26163535200,7,2,7
777,26163535100,7,2,7
778,26163535000,7,2,7
779,26163534700,7,2,7
780,26163534600,7,2,6
781,26163534500,7,2,6
782,26163534400,7,2,7
783,26163534300,7,2,7
784,26163534200,5,2,7
785,26163534100,5,10,7
786,26163533700,7,10,6
789,26163563900,10,,
790,26163564000,10,,
791,26163564100,10,,
792,26163582000,15,,
793,26163580700,15,,
794,26163586200,11,,
795,26163556100,9,,
796,26163570800,12,,
868,26163588400,11,,
869,26163558400,9,,
870,26163558600,9,,
871,26163554100,8,,
872,26163558800,9,,
873,26163565600,11,,
874,26163558900,9,,
875,26163584800,14,,
876,26163555300,8,,
877,26163588200,11,,
878,26163569500,12,,
879,26163533600,7,10,6
880,26163533500,7,10,6
881,26163533400,2,10,5
882,26163533300,2,10,5
883,26163533200,2,10,5
884,26163533100,2,10,5
885,26163533000,2,10,5
886,26163532700,2,10,5
887,26163532600,2,10,5
888,26163532400,2,3,5
889,26163532300,2,10,5
890,26163532200,2,10,5
891,26163531900,5,10,5
892,26163531800,5,10,5
893,26163531700,5,10,2
894,26163531600,5,10,2
916,26163588100,11,,
917,26163554800,8,,
918,26163568200,12,,
919,26163568400,12,,
920,26163573800,13,,
921,26163575600,13,,
922,26163573400,13,,
923,26163574000,13,,
924,26163573300,13,,
925,26163573500,13,,
926,26163594500,15,,
927,26163567000,11,,
928,26163554500,8,,
929,26163554400,8,,
930,26163555100,8,,
931,26163555500,8,,
932,26163555600,8,,
933,26163557600,9,,
934,26163566800,11,,
935,26163557700,9,,
936,26163556600,9,,
937,26163594400,15,,
938,26163531500,5,10,5
939,26163531400,5,10,5
940,26163531300,2,10,5
941,26163531200,2,10,5
942,26163531100,5,10,5
943,26163530800,5,10,7
944,26163530500,5,10,7
945,26163530400,5,10,2
946,26163530300,5,10,2
947,26163530200,5,12,2
948,26163530100,5,12,2
949,26163526400,4,4,6
950,26163526300,4,4,6
951,26163526200,4,4,6
952,26163526100,4,4,6
965,26163583400,14,,
966,26163583300,14,,
967,26163576000,13,,
968,26163572000,8,,
969,26163574100,13,,
970,26163583500,14,,
971,26163561900,10,,
972,26163584300,14,,
973,26163572800,8,,
974,26163572600,8,,
975,26163566900,11,,
976,26163985400,11,,
977,26163591700,14,,
978,26163585900,11,,
979,26163585600,11,,
980,26163596200,15,,
981,26163581600,15,,
982,26163581100,15,,
983,26163526000,4,4,6
984,26163525800,4,4,6
985,26163525700,4,4,6
986,26163525600,4,4,6
987,26163525500,4,4,6
988,26163525400,4,4,6
989,26163527300,7,10,6
990,26163527200,7,10,6
991,26163524700,4,4,6
992,26163524500,4,4,6
993,26163524300,4,4,6
1000,26163583100,14,,
1001,26163575400,13,,
1002,26163575000,13,,
1003,26163574700,13,,
1004,26163574600,13,,
1005,26163574900,13,,
1006,26163574800,13,,
1007,26163580300,15,,
1008,26163583800,14,,
1009,26163567100,12,,
1010,26163580800,15,,
1011,26163556400,9,,
1012,26163556700,9,,
1013,26163594100,15,,
1014,26163585700,11,,
1015,26163568300,11,,
1016,26163584100,14,,
1017,26163569600,12,,
1018,26163524200,4,4,6
1019,26163524100,4,4,6
1020,26163524000,4,4,6
1021,26163523800,4,4,6
1022,26163523400,4,4,6
19,26111290500,,,
20,26111290700,,,
21,26111290800,,,
22,26111290900,,,
23,26111291000,,,
24,26111291602,,,
25,26111291601,,,
26,26157000200,,,
27,26157000300,,,
28,26157000400,,,
29,26157000500,,,
48,26157000600,,,
49,26157001300,,,
50,26157001000,,,
51,26157001100,,,
52,26157000700,,,
53,26157000800,,,
102,26157000100,,,
103,26157001200,,,
104,26157000900,,,
105,26011970200,,,
106,26011970100,,,
107,26011970300,,,
108,26011970400,,,
109,26011970500,,,
188,26001970100,,,
189,26001970400,,,
190,26001970600,,,
191,26001970500,,,
192,26001000100,,,
229,26109960200,,,
230,26109960400,,,
231,26109960500,,,
232,26091060100,,,
233,26091061800,,,
234,26091061900,,,
235,26091061200,,,
236,26139022900,,,
237,26139021400,,,
238,26139023200,,,
239,26139021304,,,
240,26139021202,,,
241,26139022001,,,
242,26109960700,,,
243,26109960300,,,
244,26109960100,,,
245,26109960600,,,
246,26049010910,,,
247,26049011210,,,
248,26049010912,,,
249,26049010810,,,
250,26049010604,,,
251,26049010610,,,
252,26049010700,,,
253,26017286200,,,
254,26017286400,,,
255,26017285700,,,
256,26017285500,,,
257,26017286300,,,
258,26017285202,,,
259,26021020100,,,
260,26021010200,,,
261,26021011500,,,
262,26021001400,,,
263,26021001600,,,
264,26049010115,,,
265,26049013002,,,
266,26017285201,,,
267,26017286500,,,
268,26017286600,,,
269,26013000200,,,
270,26013000100,,,
271,26037011101,,,
272,26021020500,,,
273,26021020600,,,
274,26021020700,,,
275,26021020900,,,
276,26021020400,,,
277,26021021000,,,
278,26021021100,,,
279,26115833200,,,
280,26115833300,,,
281,26125157200,,,
282,26125152900,,,
283,26125150000,,,
284,26125145700,,,
285,26125150100,,,
286,26125136300,,,
287,26125167900,,,
288,26125136700,,,
289,26125136500,,,
290,26125136600,,,
291,26125121400,,,
292,26125126400,,,
293,26125127700,,,
294,26125154000,,,
295,26125156000,,,
296,26125196000,,,
297,26125196100,,,
298,26125196200,,,
397,26025003300,,,
398,26025003400,,,
399,26025003500,,,
400,26025003600,,,
401,26025003200,,,
402,26025002800,,,
403,26025000200,,,
404,26077002601,,,
405,26065001703,,,
406,26065004494,,,
407,26065004492,,,
408,26077003400,,,
409,26077002201,,,
410,26077002202,,,
411,26077002904,,,
412,26077002802,,,
413,26077000100,,,
414,26077000201,,,
415,26077000202,,,
416,26077000300,,,
417,26077000500,,,
418,26145010403,,,
419,26145010501,,,
420,26125140100,,,
421,26125140700,,,
422,26125194500,,,
423,26125138600,,,
424,26125161900,,,
425,26125162000,,,
426,26125162100,,,
427,26125162200,,,
428,26059050300,,,
429,26059050100,,,
430,26059050200,,,
431,26145010502,,,
432,26125152000,,,
433,26125154500,,,
434,26125130600,,,
435,26125128000,,,
436,26125128100,,,
437,26125128700,,,
438,26125128900,,,
439,26125197600,,,
440,26125125600,,,
441,26125144100,,,
442,26125144200,,,
443,26125144300,,,
444,26125144400,,,
445,26125144500,,,
446,26101000500,,,
447,26101000100,,,
448,26101000600,,,
449,26161466000,,,
450,26161403800,,,
451,26161403100,,,
452,26161403200,,,
453,26161455000,,,
454,26161403300,,,
455,26161403400,,,
456,26161403500,,,
457,26161404100,,,
458,26161404200,,,
459,26161404300,,,
460,26141950100,,,
461,26141950200,,,
462,26141950500,,,
463,26141950600,,,
464,26141950400,,,
465,26141950300,,,
514,26081011401,,,
515,26081011102,,,
516,26081011002,,,
517,26081012002,,,
518,26081014601,,,
519,26081014602,,,
520,26081014701,,,
521,26045021302,,,
522,26045020901,,,
523,26045021401,,,
524,26081014000,,,
525,26081014100,,,
526,26081014300,,,
527,26081010101,,,
528,26085960100,,,
529,26085961300,,,
530,26045020104,,,
531,26045020201,,,
532,26045020402,,,
533,26045020500,,,
534,26045020700,,,
535,26045020304,,,
536,26045021402,,,
537,26099240800,,,
538,26099240900,,,
539,26099241000,,,
540,26099241200,,,
541,26037011200,,,
542,26007000700,,,
543,26007000800,,,
544,26007000900,,,
545,26007000200,,,
546,26007000100,,,
547,26049011901,,,
548,26049012702,,,
549,26049012501,,,
550,26049011301,,,
551,26049012401,,,
552,26049010201,,,
553,26049012504,,,
554,26049012503,,,
555,26049011213,,,
556,26107960700,,,
557,26107960800,,,
558,26065004600,,,
559,26065006200,,,
560,26065000100,,,
561,26065000400,,,
562,26065000600,,,
563,26065000700,,,
564,26065000800,,,
565,26065001000,,,
566,26065001200,,,
567,26065002000,,,
568,26065002200,,,
569,26065002300,,,
570,26065002600,,,
571,26065002700,,,
572,26065002800,,,
573,26065002902,,,
574,26065003200,,,
575,26065003301,,,
582,26025000300,,,
583,26025000500,,,
584,26025000600,,,
585,26025000700,,,
586,26025000800,,,
587,26025000900,,,
588,26025001000,,,
589,26025001100,,,
628,26025001200,,,
629,26025001300,,,
630,26025001400,,,
631,26025001500,,,
632,26025001600,,,
634,26163580100,,,
645,26125122200,,,
646,26125180000,,,
647,26125180100,,,
648,26125180200,,,
649,26125128200,,,
650,26125128300,,,
651,26125128400,,,
652,26125126500,,,
653,26125129000,,,
654,26125121000,,,
655,26125144600,,,
656,26125144800,,,
657,26125145600,,,
658,26125144900,,,
659,26125145100,,,
660,26125145200,,,
661,26035000800,,,
662,26035000600,,,
663,26161400100,,,
664,26161400200,,,
665,26161400300,,,
666,26161400400,,,
667,26161400500,,,
668,26161400600,,,
669,26161444000,,,
670,26161400700,,,
671,26161400800,,,
672,26161402100,,,
673,26161402200,,,
674,26161402300,,,
675,26161403600,,,
676,26161402500,,,
677,26161402600,,,
678,26161402700,,,
679,26161407400,,,
703,26025001700,,,
704,26025001800,,,
705,26025001900,,,
706,26025002200,,,
707,26025002300,,,
708,26025002500,,,
709,26025002600,,,
710,26025002400,,,
711,26025003700,,,
712,26025003000,,,
713,26025004000,,,
714,26019000100,,,
715,26019000200,,,
716,26019000300,,,
717,26019000500,,,
718,26019000400,,,
749,26025002000,,,
750,26025002100,,,
751,26025002900,,,
752,26025003100,,,
753,26025002700,,,
754,26025003800,,,
787,26025003900,,,
788,26025004100,,,
797,26099241900,,,
798,26099225500,,,
799,26099225600,,,
800,26099225800,,,
801,26099225900,,,
802,26099232500,,,
803,26099230000,,,
804,26099233000,,,
805,26113960400,,,
806,26113960100,,,
807,26113960200,,,
808,26113960300,,,
809,26081001600,,,
810,26081001700,,,
811,26081001800,,,
812,26081001900,,,
813,26081002000,,,
814,26081002100,,,
815,26081002600,,,
816,26081002700,,,
817,26081002800,,,
818,26081012604,,,
819,26081002900,,,
820,26081003000,,,
821,26081003100,,,
822,26081003200,,,
823,26081003300,,,
824,26081003500,,,
825,26155030300,,,
826,26155030400,,,
827,26155030500,,,
828,26155030600,,,
829,26155030700,,,
830,26155030800,,,
831,26155031500,,,
832,26147651200,,,
833,26077001300,,,
834,26077005501,,,
835,26077005502,,,
836,26077001501,,,
837,26097950100,,,
838,26097950200,,,
839,26097950300,,,
840,26097950400,,,
841,26097950500,,,
842,26077001504,,,
843,26077001506,,,
844,26077001507,,,
845,26077001601,,,
846,26077001603,,,
847,26077001604,,,
848,26077001701,,,
849,26077001702,,,
850,26145001200,,,
851,26145001300,,,
852,26145001400,,,
853,26145001500,,,
854,26145001600,,,
855,26145001700,,,
856,26125120000,,,
857,26125132600,,,
858,26125132100,,,
859,26125139400,,,
860,26125127000,,,
861,26125127100,,,
862,26125127200,,,
863,26125127300,,,
864,26125128800,,,
865,26125158000,,,
866,26125160500,,,
867,26125160600,,,
895,26123970400,,,
896,26123971100,,,
897,26123971200,,,
898,26123970100,,,
899,26123970700,,,
900,26123970800,,,
901,26123970600,,,
902,26123970900,,,
903,26123971000,,,
904,26123970300,,,
905,26123970500,,,
906,26069000300,,,
907,26069000800,,,
908,26069000600,,,
909,26069000400,,,
910,26069000500,,,
911,26069000700,,,
912,26069000900,,,
913,26069000200,,,
914,26069000100,,,
915,26111291700,,,
953,26053950300,,,
954,26053950100,,,
955,26053950200,,,
956,26053950400,,,
957,26053950700,,,
958,26053950500,,,
959,26053950600,,,
960,26111291400,,,
961,26111291200,,,
962,26111291300,,,
963,26111290600,,,
964,26111291102,,,
994,26111291500,,,
995,26111290100,,,
996,26111291101,,,
997,26111290200,,,
998,26111290300,,,
999,26111290400,,,
1023,26045020403,,,
1024,26045020601,,,
1025,26045021001,,,
1026,26051000800,,,
1027,26051000300,,,
1028,26051000900,,,
1029,26051000600,,,
1030,26051000200,,,
1031,26051000700,,,
1032,26051000500,,,
1033,26147651600,,,
1034,26147658500,,,
1035,26147632000,,,
1036,26147646000,,,
1037,26147649000,,,
1038,26099258500,,,
1039,26099221500,,,
1040,26099258600,,,
1041,26099258700,,,
1042,26099258800,,,
1043,26099258900,,,
1044,26099254000,,,
1045,26099254100,,,
1046,26099254200,,,
1047,26099247100,,,
1048,26099254500,,,
1049,26099225702,,,
1050,26099230602,,,
1051,26099230601,,,
1052,26099225701,,,
1053,26099222101,,,
1054,26099268200,,,
1055,26099268400,,,
1056,26099268300,,,
1057,26081011702,,,
1058,26081010904,,,
1059,26081010902,,,
1060,26081012203,,,
1061,26045021301,,,
1062,26045021201,,,
1063,26045020303,,,
1064,26051000100,,,
1065,26051000400,,,
1066,26147634100,,,
1067,26147652600,,,
1068,26147641000,,,
1069,26147633200,,,
1070,26147650100,,,
1071,26147647000,,,
1072,26099224100,,,
1073,26099245400,,,
1074,26099224200,,,
1075,26099216000,,,
1076,26099211000,,,
1077,26099255000,,,
1078,26099255100,,,
1079,26099255200,,,
1080,26099255300,,,
1081,26099255400,,,
1082,26099255500,,,
1083,26153000100,,,
1084,26153000200,,,
1085,26153000300,,,
1086,26081012201,,,
1087,26081012202,,,
1088,26081010200,,,
1089,26081010700,,,
1090,26081010801,,,
1091,26147648000,,,
1092,26147633100,,,
1093,26147640600,,,
1094,26147644000,,,
1095,26147645000,,,
1096,26147643000,,,
1097,26099255600,,,
1098,26099243500,,,
1099,26099255700,,,
1100,26099255800,,,
1101,26099224300,,,
1102,26099255900,,,
1103,26099256000,,,
1104,26099256100,,,
1105,26099256200,,,
1106,26099256300,,,
1107,26099222800,,,
1108,26099256400,,,
1109,26099256500,,,
1110,26081010802,,,
1111,26081003400,,,
1112,26081004400,,,
1113,26081012300,,,
1114,26081012400,,,
1115,26081012500,,,
1116,26081014806,,,
1117,26081014804,,,
1118,26063951000,,,
1119,26063951100,,,
1120,26063950900,,,
1121,26063950600,,,
1122,26027001500,,,
1123,26027001100,,,
1124,26027001200,,,
1125,26027001000,,,
1126,26027001700,,,
1127,26147629000,,,
1128,26147630400,,,
1129,26147657100,,,
1130,26147652100,,,
1131,26147634600,,,
1132,26147655600,,,
1133,26099256600,,,
1134,26099256700,,,
1135,26099256800,,,
1136,26099250300,,,
1137,26099250400,,,
1138,26099250500,,,
1139,26099250800,,,
1140,26099250900,,,
1141,26099251300,,,
1142,26099251400,,,
1143,26099251500,,,
1144,26099251800,,,
1145,26099251900,,,
1146,26137950200,,,
1147,26137950300,,,
1148,26137950400,,,
1149,26137950500,,,
1150,26137950600,,,
1151,26081014803,,,
1152,26081014805,,,
1153,26081000100,,,
1154,26081000200,,,
1155,26081000300,,,
1156,26081000400,,,
1157,26081000500,,,
1158,26081000600,,,
1159,26081000700,,,
1160,26063950100,,,
1161,26063950200,,,
1162,26063950300,,,
1163,26063950400,,,
1164,26063950500,,,
1165,26027002000,,,
1166,26027001900,,,
1167,26027002100,,,
1168,26027002200,,,
1169,26027001800,,,
1170,26027001600,,,
1171,26155031401,,,
1172,26155031600,,,
1173,26155031700,,,
1174,26155031402,,,
1175,26155031800,,,
1176,26155031900,,,
1177,26147637200,,,
1178,26147637300,,,
1179,26147640200,,,
1180,26147620000,,,
1181,26147621000,,,
1182,26147622000,,,
1183,26147623000,,,
1184,26147624000,,,
1185,26147625000,,,
1186,26099224500,,,
1187,26099252000,,,
1188,26099252100,,,
1189,26099252200,,,
1190,26099225100,,,
1191,26099225200,,,
1192,26099225300,,,
1193,26099226100,,,
1194,26099225400,,,
1195,26137950100,,,
1196,26081000800,,,
1197,26081011101,,,
1198,26081000900,,,
1199,26081001000,,,
1200,26081001101,,,
1201,26081001102,,,
1202,26081001200,,,
1203,26081001300,,,
1204,26081001400,,,
1205,26081001500,,,
1206,26155030200,,,
1207,26155030100,,,
1208,26155031302,,,
1209,26155031301,,,
1210,26071000200,,,
1211,26071000400,,,
1212,26071000100,,,
1213,26071000500,,,
1214,26071000300,,,
1215,26147626000,,,
1216,26147627000,,,
1217,26147628000,,,
1218,26147636000,,,
1219,26147635000,,,
1220,26147642000,,,
1221,26147640100,,,
1222,26081002200,,,
1223,26081002300,,,
1224,26081002400,,,
1225,26147655100,,,
1226,26147631100,,,
1227,26147631600,,,
1228,26147630100,,,
1229,26147657200,,,
1230,26147637100,,,
1231,26147651100,,,
1232,26099230200,,,
1233,26099230300,,,
1234,26099230400,,,
1235,26099230500,,,
1236,26099230700,,,
1237,26099230800,,,
1238,26099230900,,,
1239,26081002500,,,
1240,26147650200,,,
1241,26099247200,,,
1242,26099217000,,,
1243,26099218000,,,
1244,26099224400,,,
1245,26099226700,,,
1246,26099243000,,,
1247,26099223400,,,
1248,26099210000,,,
1249,26081003600,,,
1250,26081003700,,,
1251,26081003800,,,
1252,26081003900,,,
1253,26081004000,,,
1254,26081004100,,,
1255,26081004200,,,
1256,26081004300,,,
1257,26081004500,,,
1258,26081004600,,,
1259,26033971100,,,
1260,26033970600,,,
1261,26033970700,,,
1262,26033970800,,,
1263,26033971000,,,
1264,26033970900,,,
1265,26033970200,,,
1266,26099245100,,,
1267,26099231000,,,
1268,26099231100,,,
1269,26099231200,,,
1270,26099982000,,,
1271,26099231400,,,
1272,26099231500,,,
1273,26159010900,,,
1274,26159011002,,,
1275,26159010200,,,
1276,26159010600,,,
1277,26159011600,,,
1278,26023951300,,,
1279,26023950800,,,
1280,26023950900,,,
1281,26023951000,,,
1282,26023950200,,,
1283,26023950300,,,
1284,26023951200,,,
1285,26023951100,,,
1286,26023950100,,,
1287,26023951600,,,
1288,26023951500,,,
1289,26081011600,,,
1290,26081011801,,,
1291,26081012003,,,
1292,26081014200,,,
1293,26005032200,,,
1294,26005032401,,,
1295,26005032402,,,
1296,26005030200,,,
1297,26005030704,,,
1298,26005030902,,,
1299,26005030901,,,
1300,26033970300,,,
1301,26033970400,,,
1302,26033970500,,,
1303,26033980100,,,
1304,26033980200,,,
1305,26033980300,,,
1306,26033970100,,,
1307,26099231600,,,
1308,26099231700,,,
1309,26099231800,,,
1310,26099231900,,,
1311,26099232000,,,
1312,26099232100,,,
1313,26099232200,,,
1314,26099232300,,,
1315,26099232400,,,
1316,26159011500,,,
1317,26159011400,,,
1318,26159011300,,,
1319,26159010300,,,
1320,26159010400,,,
1321,26159010500,,,
1322,26023951400,,,
1323,26131970100,,,
1324,26131970200,,,
1325,26131970300,,,
1326,26081012004,,,
1327,26081011302,,,
1328,26081013000,,,
1329,26081013100,,,
1330,26081014807,,,
1331,26081013200,,,
1332,26081014501,,,
1333,26005030703,,,
1334,26005032600,,,
1335,26099250000,,,
1336,26099250100,,,
1337,26099228000,,,
1338,26099223500,,,
1339,26099228100,,,
1340,26099221800,,,
1341,26099260000,,,
1342,26099260100,,,
1343,26099260200,,,
1344,26099260300,,,
1345,26099260400,,,
1346,26159010100,,,
1347,26159011800,,,
1348,26159012000,,,
1349,26159011900,,,
1350,26081012605,,,
1351,26081012701,,,
1352,26081012702,,,
1353,26081012703,,,
1354,26081012800,,,
1355,26081012901,,,
1356,26081012902,,,
1357,26081014703,,,
1358,26081011403,,,
1359,26081012606,,,
1360,26005030800,,,
1361,26005031100,,,
1362,26005031200,,,
1363,26005031000,,,
1364,26099250200,,,
1365,26099250600,,,
1366,26099250700,,,
1367,26099251000,,,
1368,26099251100,,,
1369,26099251200,,,
1370,26099251600,,,
1371,26099251700,,,
1372,26099212000,,,
1373,26099214000,,,
1374,26099242100,,,
1375,26099982300,,,
1376,26099260600,,,
1377,26099260700,,,
1378,26099260800,,,
1379,26099260900,,,
1380,26099261000,,,
1381,26099261100,,,
1382,26099261200,,,
1383,26099261300,,,
1384,26099261400,,,
1385,26099261500,,,
1386,26099261600,,,
1387,26081011001,,,
1388,26081011200,,,
1389,26081011301,,,
1390,26081010301,,,
1391,26081010302,,,
1392,26005030401,,,
1393,26005030402,,,
1394,26005031900,,,
1395,26005032000,,,
1396,26005032100,,,
1397,26005030702,,,
1398,26099226400,,,
1399,26099206700,,,
1400,26099262100,,,
1401,26099268000,,,
1402,26099268100,,,
1403,26099214500,,,
1404,26099222500,,,
1405,26099221100,,,
1406,26099261700,,,
1407,26099261800,,,
1408,26099261900,,,
1409,26099262000,,,
1410,26099262200,,,
1411,26099262300,,,
1412,26099262400,,,
1413,26099262500,,,
1414,26099262600,,,
1415,26099262700,,,
1416,26099262800,,,
1417,26099262900,,,
1418,26103000100,,,
1419,26103000200,,,
1420,26103000600,,,
1421,26081010903,,,
1422,26081010401,,,
1423,26081014704,,,
1424,26081011500,,,
1425,26081011803,,,
1426,26081011701,,,
1427,26081013300,,,
1428,26081010102,,,
1429,26045020800,,,
1430,26045021100,,,
1431,26045020101,,,
1432,26045020202,,,
1433,26045020302,,,
1434,26045020102,,,
1435,26045020103,,,
1436,26005030600,,,
1437,26005030500,,,
1438,26005031300,,,
1439,26005031800,,,
1440,26005030300,,,
1441,26099221200,,,
1442,26099240000,,,
1443,26099242500,,,
1444,26099244000,,,
1445,26099240300,,,
1446,26099240400,,,
1447,26099240500,,,
1448,26099240600,,,
1449,26099240700,,,
1450,26099263200,,,
1451,26099982200,,,
1452,26099263400,,,
1453,26099263500,,,
1454,26099263600,,,
1455,26099263700,,,
1456,26099263800,,,
1457,26099263900,,,
1458,26099264000,,,
1459,26099264200,,,
1460,26099267600,,,
1461,26103002200,,,
1462,26103002300,,,
1463,26103001100,,,
1464,26103001200,,,
1465,26103001300,,,
1466,26103002600,,,
1467,26103002500,,,
1468,26103002400,,,
1469,26103001700,,,
1470,26103001800,,,
1471,26103001900,,,
1472,26103002000,,,
1473,26103002100,,,
1474,26103001500,,,
1475,26103000300,,,
1476,26103000400,,,
1477,26103000500,,,
1478,26103000700,,,
1479,26103001600,,,
1480,26103002900,,,
1481,26063950700,,,
1482,26063950800,,,
1483,26063951200,,,
1484,26081013400,,,
1485,26081013500,,,
1486,26081013600,,,
1487,26081013700,,,
1488,26081013802,,,
1489,26081013900,,,
1490,26099241300,,,
1491,26099241400,,,
1492,26099241500,,,
1493,26099241600,,,
1494,26099241700,,,
1495,26099241800,,,
1496,26099215000,,,
1497,26099224600,,,
1498,26099215300,,,
1499,26099215500,,,
1500,26099215200,,,
1501,26099227000,,,
1502,26099227300,,,
1503,26099224000,,,
1504,26099242000,,,
1505,26103002800,,,
1506,26081011901,,,
1507,26081011902,,,
1508,26081010600,,,
1509,26081014502,,,
1510,26081013801,,,
1511,26081010402,,,
1512,26081011804,,,
1513,26081012608,,,
1514,26081011406,,,
1515,26081011405,,,
1516,26081012607,,,
1517,26085961100,,,
1518,26085961200,,,
1519,26045020404,,,
1520,26045020602,,,
1521,26045021002,,,
1522,26045020902,,,
1523,26045021202,,,
1524,26147658100,,,
1525,26099245000,,,
1526,26099223800,,,
1527,26099245200,,,
1528,26099245300,,,
1529,26099258000,,,
1530,26099258100,,,
1531,26099258200,,,
1532,26099258300,,,
1533,26099223900,,,
1534,26099258400,,,
1535,26099982100,,,
1536,26099247300,,,
1537,26099247400,,,
1538,26099247500,,,
1539,26099247602,,,
1540,26099247601,,,
1541,26099220002,,,
1542,26099222102,,,
1543,26099220001,,,
1544,26061000100,,,
1545,26061000500,,,
1546,26061000600,,,
1547,26061000700,,,
1548,26061000900,,,
1549,26061001000,,,
1550,26061000200,,,
1551,26139021901,,,
1552,26139025200,,,
1553,26139022206,,,
1554,26139022203,,,
1555,26139024900,,,
1556,26139025700,,,
1557,26139024400,,,
1558,26061000300,,,
1559,26061000400,,,
1560,26061000800,,,
1561,26139023001,,,
1562,26139020501,,,
1563,26139021201,,,
1564,26139020503,,,
1565,26139021301,,,
1566,26139021303,,,
1567,26139022107,,,
1568,26139024600,,,
1569,26139023600,,,
1570,26139025100,,,
1571,26139025800,,,
1572,26149040800,,,
1573,26149041300,,,
1574,26149041500,,,
1575,26149041600,,,
1576,26149041000,,,
1577,26149040300,,,
1578,26149041400,,,
1579,26149040100,,,
1580,26149040500,,,
1581,26149041200,,,
1582,26075005500,,,
1583,26075005600,,,
1584,26017285600,,,
1585,26017285800,,,
1586,26021001300,,,
1587,26021001500,,,
1588,26021002500,,,
1589,26021010100,,,
1590,26021011100,,,
1591,26021011200,,,
1592,26021011300,,,
1593,26021010400,,,
1594,26049010812,,,
1595,26049011711,,,
1596,26049010811,,,
1597,26049011209,,,
1598,26049011102,,,
1599,26049011101,,,
1600,26049012100,,,
1601,26049011302,,,
1602,26049011508,,,
1603,26049011502,,,
1604,26049011503,,,
1605,26049011505,,,
1606,26049012704,,,
1607,26049010110,,,
1608,26049012008,,,
1609,26055550900,,,
1610,26055551100,,,
1611,26055550500,,,
1612,26055550600,,,
1613,26055550700,,,
1614,26055550800,,,
1615,26055550200,,,
1616,26077002002,,,
1617,26077002101,,,
1618,26077002102,,,
1619,26077003002,,,
1620,26077002700,,,
1621,26077003004,,,
1622,26077002003,,,
1623,26065003801,,,
1624,26065003802,,,
1625,26065003901,,,
1626,26065003902,,,
1627,26065004000,,,
1628,26065004100,,,
1629,26065004301,,,
1630,26065004302,,,
1631,26065004402,,,
1632,26125192800,,,
1633,26125170000,,,
1634,26125127400,,,
1635,26125154200,,,
1636,26125181000,,,
1637,26125181100,,,
1638,26125181200,,,
1639,26125181300,,,
1640,26125193300,,,
1641,26125181400,,,
1642,26125181500,,,
1643,26125181600,,,
1644,26125161400,,,
1645,26125161500,,,
1646,26125161600,,,
1647,26125161700,,,
1648,26125161800,,,
1649,26161410200,,,
1650,26161410300,,,
1651,26161410400,,,
1652,26161410600,,,
1653,26161410700,,,
1654,26161415400,,,
1655,26161410800,,,
1656,26135970400,,,
1657,26135970500,,,
1658,26135970300,,,
1659,26135970202,,,
1660,26135970201,,,
1661,26035001000,,,
1662,26035000500,,,
1663,26035000700,,,
1664,26035001300,,,
1665,26161410900,,,
1666,26139025500,,,
1667,26139024300,,,
1668,26139024500,,,
1669,26149040900,,,
1670,26149040200,,,
1671,26149040400,,,
1672,26149040700,,,
1673,26149040600,,,
1674,26149041102,,,
1675,26003000100,,,
1676,26003000200,,,
1677,26003000300,,,
1678,26075005700,,,
1679,26075005800,,,
1680,26075005900,,,
1681,26075006200,,,
1682,26075006301,,,
1683,26149041101,,,
1684,26043950100,,,
1685,26043950200,,,
1686,26043950300,,,
1687,26043950400,,,
1688,26043950500,,,
1689,26043950600,,,
1690,26043950700,,,
1691,26075006402,,,
1692,26075006702,,,
1693,26075006701,,,
1694,26075000100,,,
1695,26075000200,,,
1696,26075000400,,,
1697,26095960200,,,
1698,26095960100,,,
1699,26095980000,,,
1700,26041970200,,,
1701,26041970400,,,
1702,26041970700,,,
1703,26041970300,,,
1704,26031960100,,,
1705,26031960200,,,
1706,26031960300,,,
1707,26031960400,,,
1708,26031960500,,,
1709,26031960700,,,
1710,26031960600,,,
1711,26031960800,,,
1712,26075000500,,,
1713,26075000600,,,
1714,26075000800,,,
1715,26075000900,,,
2500,26125140301,,,
2501,26125145900,,,
2502,26125140900,,,
2503,26125143500,,,
2504,26125135100,,,
2505,26145012600,,,
2506,26145012700,,,
2507,26145011300,,,
2508,26145012300,,,
2509,26145011800,,,
2510,26125175300,,,
2511,26125191300,,,
2512,26125192500,,,
2513,26125131100,,,
2514,26125132700,,,
2515,26125131600,,,
2516,26125131300,,,
2517,26125124000,,,
2518,26125183000,,,
2519,26125183100,,,
2520,26125183200,,,
2521,26125183300,,,
2522,26125183400,,,
2523,26125183500,,,
2524,26125183600,,,
2525,26125183700,,,
2526,26125183800,,,
2527,26125183900,,,
2528,26125184000,,,
2529,26125168700,,,
2530,26145011901,,,
2531,26145012200,,,
2532,26145010200,,,
2533,26145012100,,,
2534,26145000200,,,
2535,26145000400,,,
2536,26145000600,,,
2537,26145000700,,,
2538,26125124500,,,
2539,26125188000,,,
2540,26125191200,,,
2541,26125188100,,,
2542,26125193500,,,
2543,26125128600,,,
2544,26125184100,,,
2545,26125184200,,,
2546,26125184300,,,
2547,26125184400,,,
2548,26125184500,,,
1716,26075001000,,,
1717,26075001100,,,
1718,26075001200,,,
1719,26075001300,,,
1720,26075006100,,,
1721,26009960100,,,
1722,26009960300,,,
1723,26009960400,,,
1724,26009960200,,,
1725,26075006000,,,
1726,26075006401,,,
1727,26075006500,,,
1728,26075005400,,,
1729,26075006600,,,
1730,26075005000,,,
1731,26075005100,,,
1732,26075005200,,,
1733,26009960700,,,
1734,26009960500,,,
1735,26009960600,,,
1736,26075005302,,,
1737,26075005301,,,
1738,26075006801,,,
1739,26075006804,,,
1740,26075006304,,,
1741,26073000200,,,
1742,26073940300,,,
1743,26075006303,,,
1744,26075006803,,,
1745,26075006900,,,
1746,26083980100,,,
1747,26083000100,,,
1748,26073940100,,,
1749,26073000900,,,
1750,26073000300,,,
1751,26073000100,,,
1752,26073940400,,,
1753,26139020600,,,
1754,26091060600,,,
1755,26073940200,,,
1756,26073940500,,,
1757,26073940600,,,
1758,26073000500,,,
1759,26073000600,,,
1760,26073000700,,,
1761,26073000400,,,
1762,26073000800,,,
1763,26143970100,,,
1764,26139023100,,,
1765,26139020100,,,
1766,26139020200,,,
1767,26139020400,,,
1768,26139021500,,,
1769,26139021700,,,
1770,26091061302,,,
1771,26091061400,,,
1772,26091061500,,,
1773,26091061600,,,
1774,26091061700,,,
1775,26091060500,,,
1776,26091060700,,,
1777,26091062000,,,
1778,26041970500,,,
1779,26041970100,,,
1780,26041970800,,,
1781,26041970900,,,
1782,26041971000,,,
1783,26041971100,,,
1784,26041970600,,,
1785,26047970100,,,
1786,26047970300,,,
1787,26047970400,,,
1788,26047970800,,,
1789,26047970500,,,
1790,26047970600,,,
1791,26047970700,,,
1792,26047970200,,,
1793,26143970300,,,
1794,26143971100,,,
1795,26143970700,,,
1796,26143971000,,,
1797,26143970400,,,
1798,26143970500,,,
1799,26143970600,,,
1800,26143970200,,,
1801,26143971200,,,
1802,26139021603,,,
1803,26139021604,,,
1804,26139020900,,,
1805,26139021000,,,
1806,26139021100,,,
1807,26139022600,,,
1808,26091060800,,,
1809,26091061301,,,
1810,26091062300,,,
1811,26091062400,,,
1812,26091062200,,,
1813,26091060301,,,
1814,26139022002,,,
1815,26139020504,,,
1816,26139022103,,,
1817,26139022106,,,
1818,26139022108,,,
1819,26139021606,,,
1820,26139021605,,,
1821,26139023500,,,
1822,26091060302,,,
1823,26091060401,,,
1824,26091060402,,,
1825,26091062100,,,
1826,26139021802,,,
1827,26139022105,,,
1828,26139023002,,,
1829,26139021902,,,
1830,26139021801,,,
1831,26049001200,,,
1832,26049001300,,,
1833,26049001400,,,
1834,26049001500,,,
1835,26049001600,,,
1836,26049001700,,,
1837,26049001800,,,
1838,26049001900,,,
1839,26049002000,,,
1840,26049980100,,,
1841,26015010800,,,
1842,26093725100,,,
1843,26093743400,,,
1844,26093730600,,,
1845,26093743600,,,
1846,26093710700,,,
1847,26093713300,,,
1848,26093710500,,,
1849,26093710100,,,
1850,26093733100,,,
1851,26093732100,,,
1852,26093743700,,,
1853,26093744600,,,
1854,26093744200,,,
1855,26093742700,,,
1856,26093724001,,,
1857,26093724002,,,
1858,26093742401,,,
1859,26093730101,,,
1860,26093733601,,,
1861,26093742202,,,
1862,26115833900,,,
1863,26115830100,,,
1864,26115830800,,,
1865,26115833600,,,
1866,26115830500,,,
1867,26115830900,,,
1868,26049002200,,,
1869,26049002300,,,
1870,26049002400,,,
1871,26049002600,,,
1872,26049002700,,,
1873,26049002800,,,
1874,26049002900,,,
1875,26049003000,,,
1876,26049003100,,,
1877,26049003200,,,
1878,26015010700,,,
1879,26015010500,,,
1880,26015010600,,,
1881,26015010200,,,
1882,26093740900,,,
1883,26093741100,,,
1884,26093712601,,,
1885,26093712101,,,
1886,26093724003,,,
1887,26093712602,,,
1888,26093742402,,,
1889,26093742201,,,
1890,26093741602,,,
1891,26093741601,,,
1892,26093712102,,,
1893,26093733602,,,
1894,26093730102,,,
1895,26055551300,,,
1896,26055551400,,,
1897,26055551500,,,
1898,26055550400,,,
1899,26055551000,,,
1900,26115831100,,,
1901,26115831400,,,
1902,26115831500,,,
1903,26115831600,,,
1904,26115832800,,,
1905,26115832700,,,
1906,26049003300,,,
1907,26049003500,,,
1908,26049003600,,,
1909,26049003700,,,
1910,26049003800,,,
1911,26049980000,,,
1912,26049004000,,,
1913,26015010100,,,
1914,26015011300,,,
1915,26015011400,,,
1916,26015010300,,,
1917,26015010402,,,
1918,26119910300,,,
1919,26119910400,,,
1920,26119910500,,,
1921,26119910200,,,
1922,26119910100,,,
1923,26115830600,,,
1924,26115830700,,,
1925,26115831900,,,
1926,26115832000,,,
1927,26115832100,,,
1928,26115832200,,,
1929,26115832300,,,
1930,26115832400,,,
1931,26049011010,,,
1932,26049011902,,,
1933,26049012907,,,
1934,26049012601,,,
1935,26049012007,,,
1936,26049012006,,,
1937,26049012201,,,
1938,26049012202,,,
1939,26015010401,,,
1940,26037010104,,,
1941,26037010108,,,
1942,26037011104,,,
1943,26037010802,,,
1944,26037010105,,,
1945,26115832900,,,
1946,26115831000,,,
1947,26115833000,,,
1948,26007000300,,,
1949,26007000400,,,
1950,26007000500,,,
1951,26007000600,,,
1952,26049012311,,,
1953,26049010114,,,
1954,26049012904,,,
1955,26049012905,,,
1956,26049012310,,,
1957,26049010501,,,
1958,26049010502,,,
1959,26049010304,,,
1960,26049010305,,,
1961,26049012802,,,
1962,26037010107,,,
1963,26037010801,,,
1964,26107960900,,,
1965,26107961000,,,
1966,26107960400,,,
1967,26107960500,,,
1968,26107960600,,,
1969,26049011214,,,
1970,26049011211,,,
1971,26049011713,,,
1972,26049011710,,,
1973,26049011601,,,
1974,26049011714,,,
1975,26049012906,,,
1976,26049013111,,,
1977,26049013113,,,
1978,26089970200,,,
1979,26089970600,,,
1980,26089970300,,,
1981,26089970500,,,
1982,26089970400,,,
1983,26107981300,,,
1984,26107960300,,,
1985,26107960100,,,
1986,26107960200,,,
1987,26049011402,,,
1988,26049011401,,,
1989,26089970100,,,
1990,26165380200,,,
1991,26165380300,,,
1992,26017285900,,,
1993,26017286000,,,
1994,26017286100,,,
1995,26017280300,,,
1996,26017280400,,,
1997,26017280500,,,
1998,26017280600,,,
1999,26017280700,,,
2000,26017280800,,,
2001,26021011000,,,
2002,26021001900,,,
2003,26021002100,,,
2004,26021002200,,,
2005,26021002300,,,
2006,26021002400,,,
2007,26021002000,,,
2008,26021000300,,,
2009,26049010112,,,
2010,26049010113,,,
2011,26049010202,,,
2012,26049012402,,,
2013,26049010603,,,
2014,26049010503,,,
2015,26049010504,,,
2016,26049011800,,,
2017,26049011212,,,
2018,26165380400,,,
2019,26165380500,,,
2020,26165380600,,,
2021,26165380700,,,
2022,26165380800,,,
2023,26165380100,,,
2024,26129950400,,,
2025,26129950600,,,
2026,26129950100,,,
2027,26129950200,,,
2028,26129950300,,,
2029,26129950500,,,
2030,26129950900,,,
2031,26017280900,,,
2032,26017281000,,,
2033,26017281300,,,
2034,26017285300,,,
2035,26017285100,,,
2036,26017285400,,,
2037,26021000400,,,
2038,26021000500,,,
2039,26021000600,,,
2040,26021000800,,,
2041,26021010600,,,
2042,26021021400,,,
2043,26021020300,,,
2044,26021020200,,,
2045,26021011600,,,
2046,26115830200,,,
2047,26115831200,,,
2048,26115831300,,,
2049,26115831700,,,
2050,26115831800,,,
2051,26049010911,,,
2052,26021001700,,,
2053,26115832500,,,
2054,26115832600,,,
2055,26115833700,,,
2056,26115830300,,,
2057,26115830400,,,
2058,26115833100,,,
2059,26151970100,,,
2060,26151970500,,,
2061,26049013001,,,
2062,26049012602,,,
2063,26049010111,,,
2064,26049013402,,,
2065,26049013110,,,
2066,26049013301,,,
2067,26049012603,,,
2068,26115833500,,,
2069,26115833800,,,
2070,26151970600,,,
2071,26151970700,,,
2072,26151970200,,,
2073,26151970300,,,
2074,26151970400,,,
2075,26049013401,,,
2076,26049013600,,,
2077,26049013500,,,
2078,26037010500,,,
2079,26037010901,,,
2080,26037010201,,,
2081,26037010203,,,
2082,26037010204,,,
2083,26037010702,,,
2084,26037010400,,,
2085,26021021200,,,
2086,26021021300,,,
2087,26021010500,,,
2088,26021001100,,,
2089,26021001800,,,
2090,26151971100,,,
2091,26151971200,,,
2092,26151970800,,,
2093,26151970900,,,
2094,26151971000,,,
2095,26067030200,,,
2096,26067030300,,,
2097,26067030400,,,
2098,26067031300,,,
2099,26067031500,,,
2100,26049003400,,,
2101,26037010600,,,
2102,26037010701,,,
2103,26037010902,,,
2104,26037011001,,,
2105,26037011002,,,
2106,26037010300,,,
2107,26055550102,,,
2108,26055550101,,,
2109,26021000900,,,
2110,26021001000,,,
2111,26021000700,,,
2112,26021011400,,,
2113,26021010300,,,
2114,26067031600,,,
2115,26067031700,,,
2116,26067030100,,,
2117,26067031200,,,
2118,26055550300,,,
2119,26055551200,,,
2120,26127010500,,,
2121,26127010300,,,
2122,26127010400,,,
2123,26067031400,,,
2124,26067982200,,,
2125,26067032100,,,
2126,26067031900,,,
2127,26049011610,,,
2128,26049012703,,,
2129,26049012009,,,
2130,26049012003,,,
2131,26049012801,,,
2132,26049013202,,,
2133,26049011712,,,
2134,26049010813,,,
2135,26127010900,,,
2136,26127011000,,,
2137,26127010800,,,
2138,26127010600,,,
2139,26093740200,,,
2140,26093740700,,,
2141,26093740300,,,
2142,26093740600,,,
2143,26093722500,,,
2144,26093721100,,,
2145,26093744700,,,
2146,26093744800,,,
2147,26093744900,,,
2148,26093743300,,,
2149,26093743500,,,
2150,26049013204,,,
2151,26049013112,,,
2152,26049000100,,,
2153,26049000200,,,
2154,26049000300,,,
2155,26049000400,,,
2156,26049000500,,,
2157,26049000600,,,
2158,26049000700,,,
2159,26049000800,,,
2160,26049000900,,,
2161,26049001000,,,
2162,26049001100,,,
2163,26093720100,,,
2164,26093711000,,,
2165,26093740800,,,
2166,26093742500,,,
2167,26093742900,,,
2168,26093744400,,,
2169,26093743900,,,
2170,26093743800,,,
2171,26093722100,,,
2172,26093710300,,,
2173,26093722300,,,
2174,26093731100,,,
2175,26093713100,,,
2176,26093713700,,,
2177,26093713500,,,
2178,26093740500,,,
2179,26093725000,,,
2180,26087336000,,,
2181,26087342100,,,
2182,26065006600,,,
2183,26065003103,,,
2184,26065006800,,,
2185,26065006700,,,
2186,26065006001,,,
2187,26065006002,,,
2188,26065002101,,,
2189,26065007000,,,
2190,26077002901,,,
2191,26077006601,,,
2192,26077006701,,,
2193,26077000600,,,
2194,26077000900,,,
2195,26077001000,,,
2196,26077001100,,,
2197,26077001200,,,
2198,26077001801,,,
2199,26077001802,,,
2200,26077001803,,,
2201,26077002903,,,
2202,26077001502,,,
2203,26077001503,,,
2204,26077002905,,,
2205,26077003302,,,
2206,26077001905,,,
2207,26077001906,,,
2208,26077001907,,,
2209,26077002801,,,
2210,26065005600,,,
2211,26065005100,,,
2212,26065005202,,,
2213,26065005302,,,
2214,26065005304,,,
2215,26065005501,,,
2216,26065005502,,,
2217,26065002901,,,
2218,26077002004,,,
2219,26077002005,,,
2220,26077003003,,,
2221,26077006103,,,
2222,26077006102,,,
2223,26077006702,,,
2224,26077003500,,,
2225,26065004403,,,
2226,26065003302,,,
2227,26065003400,,,
2228,26065003500,,,
2229,26065003601,,,
2230,26065003602,,,
2231,26065004700,,,
2232,26065004901,,,
2233,26065004902,,,
2234,26065005001,,,
2235,26065005700,,,
2236,26087342000,,,
2237,26087341500,,,
2238,26087336500,,,
2239,26087339000,,,
2240,26087338500,,,
2241,26065005800,,,
2242,26065003700,,,
2243,26065005201,,,
2244,26065005303,,,
2245,26065006500,,,
2246,26065005900,,,
2247,26065006100,,,
2248,26065004500,,,
2249,26065005002,,,
2250,26087330500,,,
2251,26087334500,,,
2252,26087331500,,,
2253,26087334000,,,
2254,26087333500,,,
2255,26087340500,,,
2256,26065006301,,,
2257,26065006401,,,
2258,26065980200,,,
2259,26065004801,,,
2260,26065004802,,,
2261,26065980300,,,
2262,26039960500,,,
2263,26039960100,,,
2264,26039960200,,,
2265,26039960300,,,
2266,26039960400,,,
2267,26087338000,,,
2268,26087333000,,,
2269,26087339500,,,
2270,26087337500,,,
2271,26087332500,,,
2272,26087337000,,,
2273,26065005401,,,
2274,26065980100,,,
2275,26065980000,,,
2276,26065004493,,,
2277,26065005402,,,
2278,26065006402,,,
2279,26065006302,,,
2280,26065004490,,,
2281,26065004491,,,
2282,26087330000,,,
2283,26087332000,,,
2284,26087331000,,,
2285,26087340000,,,
2286,26087341000,,,
2287,26121001000,,,
2288,26121001600,,,
2289,26121002300,,,
2290,26121002500,,,
2291,26121003500,,,
2292,26121003700,,,
2293,26057000200,,,
2294,26057000500,,,
2295,26057000600,,,
2296,26057000900,,,
2297,26057000800,,,
2298,26125190500,,,
2299,26125180300,,,
2300,26125134000,,,
2301,26125134300,,,
2302,26125134400,,,
2303,26125134900,,,
2304,26125128500,,,
2305,26125131800,,,
2306,26125121500,,,
2307,26125127500,,,
2308,26125141000,,,
2309,26125145300,,,
2310,26125154100,,,
2311,26125156100,,,
2312,26125156200,,,
2313,26125156300,,,
2314,26125157700,,,
2315,26121003800,,,
2316,26121003900,,,
2317,26121003600,,,
2318,26121004000,,,
2319,26121003000,,,
2320,26121003100,,,
2321,26121003300,,,
2322,26121003400,,,
2323,26121003200,,,
2324,26057001000,,,
2325,26057000700,,,
2326,26057000100,,,
2327,26057000300,,,
2328,26057000400,,,
2329,26125123100,,,
2330,26125134500,,,
2331,26125136800,,,
2332,26125134600,,,
2333,26125134700,,,
2334,26125157800,,,
2335,26125160300,,,
2336,26125141100,,,
2337,26125141200,,,
2338,26125141300,,,
2339,26125141400,,,
2340,26125141500,,,
2341,26125141600,,,
2342,26125156500,,,
2343,26125157600,,,
2344,26125157900,,,
2345,26125156900,,,
2346,26125157000,,,
2347,26125157100,,,
2348,26125130000,,,
2349,26125130100,,,
2350,26121002700,,,
2351,26121002800,,,
2352,26121001700,,,
2353,26121001800,,,
2354,26121000100,,,
2355,26121000300,,,
2356,26121000500,,,
2357,26121000601,,,
2358,26125165000,,,
2359,26125165100,,,
2360,26125190200,,,
2361,26125165200,,,
2362,26125166000,,,
2363,26125166100,,,
2364,26125166200,,,
2365,26125140600,,,
2366,26125141700,,,
2367,26125160000,,,
2368,26125137100,,,
2369,26125137400,,,
2370,26125138100,,,
2371,26125198000,,,
2372,26125157500,,,
2373,26125198100,,,
2374,26125130700,,,
2375,26125130200,,,
2376,26125130400,,,
2377,26125133100,,,
2378,26125168800,,,
2379,26121000800,,,
2380,26121000900,,,
2381,26121001200,,,
2382,26121002100,,,
2383,26121001901,,,
2384,26121001902,,,
2385,26121002000,,,
2386,26121001300,,,
2387,26125168100,,,
2388,26125168600,,,
2389,26125168900,,,
2390,26125166400,,,
2391,26125166500,,,
2392,26125166600,,,
2393,26125166700,,,
2394,26125166800,,,
2395,26125166900,,,
2396,26125142000,,,
2397,26125142100,,,
2398,26125142200,,,
2399,26125142300,,,
2400,26125142400,,,
2401,26125140800,,,
2402,26125142500,,,
2403,26125168500,,,
2404,26125121800,,,
2405,26125981000,,,
2406,26125130300,,,
2407,26125135300,,,
2408,26125145502,,,
2409,26145012900,,,
2410,26145013100,,,
2411,26145011200,,,
2412,26121001402,,,
2413,26121002400,,,
2414,26121002601,,,
2415,26121001500,,,
2416,26121002602,,,
2417,26121002900,,,
2418,26121002200,,,
2419,26133970200,,,
2420,26133970300,,,
2421,26133970400,,,
2422,26133970500,,,
2423,26133970100,,,
2424,26133970600,,,
2425,26125167000,,,
2426,26125167800,,,
2427,26125130500,,,
2428,26125168400,,,
2429,26125167300,,,
2430,26125142600,,,
2431,26125142700,,,
2432,26125145400,,,
2433,26125191000,,,
2434,26125191100,,,
2435,26125197900,,,
2436,26125193400,,,
2437,26125145501,,,
2438,26125138302,,,
2439,26125133001,,,
2440,26125136102,,,
2441,26125133003,,,
2442,26125135200,,,
2443,26125136101,,,
2444,26145012500,,,
2445,26145012400,,,
2446,26145011500,,,
2447,26145011600,,,
2448,26145011701,,,
2449,26121000401,,,
2450,26121000402,,,
2451,26121004200,,,
2452,26121004300,,,
2453,26125167400,,,
2454,26125167500,,,
2455,26125190400,,,
2456,26125173000,,,
2457,26125173100,,,
2458,26125173200,,,
2459,26125173300,,,
2460,26125173400,,,
2461,26125173500,,,
2462,26125192000,,,
2463,26125192200,,,
2464,26125192400,,,
2465,26125134800,,,
2466,26125193000,,,
2467,26125193100,,,
2468,26125192700,,,
2469,26125193600,,,
2470,26125140302,,,
2471,26125133002,,,
2472,26125135000,,,
2473,26125144701,,,
2474,26125197701,,,
2475,26125197702,,,
2476,26125121700,,,
2477,26145011702,,,
2478,26145000100,,,
2479,26145011000,,,
2480,26145011100,,,
2481,26145010700,,,
2482,26125173600,,,
2483,26125187000,,,
2484,26125123000,,,
2485,26125122900,,,
2486,26125190700,,,
2487,26125175000,,,
2488,26125175100,,,
2489,26125175200,,,
2490,26125194300,,,
2491,26125193700,,,
2492,26125194000,,,
2493,26125194100,,,
2494,26125194200,,,
2495,26125127600,,,
2496,26125194400,,,
2497,26125194600,,,
2498,26125125000,,,
2499,26125138301,,,
2549,26125140500,,,
2550,26125184600,,,
2551,26125184700,,,
2552,26125172500,,,
2553,26059050600,,,
2554,26059051000,,,
2555,26145000800,,,
2556,26145000900,,,
2557,26145001000,,,
2558,26145001100,,,
2559,26125160700,,,
2560,26125160800,,,
2561,26125160900,,,
2562,26125161000,,,
2563,26125161100,,,
2564,26125161200,,,
2565,26125161300,,,
2566,26059050400,,,
2567,26059051100,,,
2568,26059050900,,,
2569,26059051200,,,
2570,26059050500,,,
2571,26059050700,,,
2572,26059050800,,,
2573,26145001800,,,
2574,26145001900,,,
2575,26145002000,,,
2576,26145002100,,,
2577,26145010401,,,
2578,26145010302,,,
2579,26145010303,,,
2580,26145010304,,,
2581,26145010402,,,
2582,26145010600,,,
2583,26145011902,,,
2584,26145013000,,,
2585,26145012001,,,
2586,26145012002,,,
2587,26145012003,,,
2588,26125170100,,,
2589,26125170200,,,
2590,26125190800,,,
2591,26125170300,,,
2592,26125170400,,,
2593,26125153200,,,
2594,26125153100,,,
2595,26125153000,,,
2596,26125152600,,,
2597,26125152700,,,
2598,26125126200,,,
2599,26125132500,,,
2600,26125137800,,,
2601,26125136000,,,
2602,26125157400,,,
2603,26125157300,,,
2604,26125160400,,,
2605,26125137700,,,
2606,26125162300,,,
2607,26125162400,,,
2608,26125162500,,,
2609,26125158200,,,
2610,26125159000,,,
2611,26125158100,,,
2612,26125126300,,,
2613,26145010100,,,
2614,26145010800,,,
2615,26125154600,,,
2616,26125153300,,,
2617,26125196300,,,
2618,26125196400,,,
2619,26125196500,,,
2620,26125196600,,,
2621,26125196700,,,
2622,26125150200,,,
2623,26125150300,,,
2624,26125150400,,,
2625,26125150500,,,
2626,26125150600,,,
2627,26125139200,,,
2628,26125131400,,,
2629,26125171000,,,
2630,26125171100,,,
2631,26125171200,,,
2632,26125171300,,,
2633,26125171400,,,
2634,26125171500,,,
2635,26125171600,,,
2636,26125172400,,,
2637,26125196800,,,
2638,26125196900,,,
2639,26125131500,,,
2640,26125197000,,,
2641,26125197100,,,
2642,26125197200,,,
2643,26125197300,,,
2644,26125197400,,,
2645,26125197500,,,
2646,26125150700,,,
2647,26125150800,,,
2648,26125150900,,,
2649,26125151000,,,
2650,26125156400,,,
2651,26125122400,,,
2652,26125120300,,,
2653,26125122700,,,
2654,26035000100,,,
2655,26035000200,,,
2656,26035000300,,,
2657,26035000400,,,
2658,26035000900,,,
2659,26161454000,,,
2660,26161411000,,,
2661,26161411100,,,
2662,26161411200,,,
2663,26161412700,,,
2664,26161413200,,,
2665,26161410100,,,
2666,26161416200,,,
2667,26161410500,,,
2668,26161412100,,,
2669,26161412300,,,
2670,26161414900,,,
2671,26161413000,,,
2672,26161412600,,,
2673,26161415600,,,
2674,26161411700,,,
2675,26161414700,,,
2676,26161423400,,,
2677,26161415800,,,
2678,26161421100,,,
2679,26161425000,,,
2680,26161447000,,,
2681,26161413403,,,
2682,26161984000,,,
2683,26161412000,,,
2684,26161411900,,,
2685,26161446200,,,
2686,26161446400,,,
2687,26161413401,,,
2688,26161413402,,,
2689,26105950800,,,
2690,26105950200,,,
2691,26105950600,,,
2692,26105950700,,,
2693,26105950100,,,
2694,26105950300,,,
2695,26105950400,,,
2696,26105950500,,,
2697,26101000200,,,
2698,26101000400,,,
2699,26101000700,,,
2700,26101000800,,,
2701,26101000900,,,
2702,26101000300,,,
2703,26161404400,,,
2704,26161404500,,,
2705,26161404600,,,
2706,26161405100,,,
2707,26161405200,,,
2708,26161405300,,,
2709,26161405400,,,
2710,26117970300,,,
2711,26117970400,,,
2712,26117971000,,,
2713,26117970500,,,
2714,26117970700,,,
2715,26029000500,,,
2716,26029000300,,,
2717,26029000400,,,
2718,26029000900,,,
2719,26029001200,,,
2720,26029001300,,,
2721,26029001400,,,
2722,26029000200,,,
2723,26029000800,,,
2724,26029001000,,,
2725,26161405500,,,
2726,26161406000,,,
2727,26161414200,,,
2728,26161416000,,,
2729,26161415200,,,
2730,26161422200,,,
2731,26161407000,,,
2732,26161420000,,,
2733,26117970900,,,
2734,26117970100,,,
2735,26117970200,,,
2736,26117970800,,,
2737,26117971100,,,
2738,26117971200,,,
2739,26029001100,,,
2740,26029000100,,,
2741,26029001500,,,
2742,26161420200,,,
2743,26161432000,,,
2744,26161445000,,,
2745,26161453000,,,
2746,26117971300,,,
2747,26117970600,,,
2748,26161448000,,,
2749,26161426000,,,
2750,26161423600,,,
2751,26161431000,,,
2752,26161421900,,,
2753,26161456000,,,
2754,26079950400,,,
2755,26079950300,,,
2756,26079950200,,,
2757,26079950602,,,
2758,26161405600,,,
2759,26161414000,,,
2760,26161414500,,,
2761,26161414300,,,
2762,26161465000,,,
2763,26161422900,,,
2764,26161464000,,,
2765,26161461000,,,
2766,26161407600,,,
2767,26079950601,,,
