--
-- PostgreSQL database dump
--

SET statement_timeout = 0;
SET client_encoding = 'UTF8';
SET standard_conforming_strings = on;
SET check_function_bodies = false;
SET client_min_messages = warning;

SET search_path = public, pg_catalog;

SET default_tablespace = '';

SET default_with_oids = false;

--
-- Name: district; Type: TABLE; Schema: public; Owner: census; Tablespace: 
--

CREATE TABLE district (
    code character varying(8) NOT NULL,
    name character varying(32) NOT NULL,
    province_code character varying(3)
);


ALTER TABLE public.district OWNER TO census;

--
-- Name: municipality; Type: TABLE; Schema: public; Owner: census; Tablespace: 
--

CREATE TABLE municipality (
    code character varying(8) NOT NULL,
    name character varying(32) NOT NULL,
    district_code character varying(8),
    province_code character varying(3)
);


ALTER TABLE public.municipality OWNER TO census;

--
-- Name: province; Type: TABLE; Schema: public; Owner: census; Tablespace: 
--

CREATE TABLE province (
    code character varying(3) NOT NULL,
    name character varying(16) NOT NULL,
    fips_code character varying(4) NOT NULL
);


ALTER TABLE public.province OWNER TO census;

--
-- Name: ward; Type: TABLE; Schema: public; Owner: census; Tablespace: 
--

CREATE TABLE ward (
    code character varying(8) NOT NULL,
    ward_no smallint NOT NULL,
    muni_code character varying(8),
    district_code character varying(8),
    province_code character varying(3)
);


ALTER TABLE public.ward OWNER TO census;

--
-- Data for Name: district; Type: TABLE DATA; Schema: public; Owner: census
--

COPY district (code, name, province_code) FROM stdin;
DC42	Sedibeng	GT
DC45	John Taolo Gaetsewe	NC
DC43	Sisonke	KZN
DC32	Ehlanzeni	MP
DC24	Umzinyathi	KZN
DC25	Amajuba	KZN
DC26	Zululand	KZN
DC27	Umkhanyakude	KZN
DC20	Fezile Dabi	FS
DC21	Ugu	KZN
DC22	UMgungundlovu	KZN
DC23	Uthukela	KZN
DC47	Greater Sekhukhune	LIM
DC44	Alfred Nzo	EC
DC48	West Rand	GT
DC28	Uthungulu	KZN
DC29	iLembe	KZN
DC40	Dr Kenneth Kaunda	NW
DC1	West Coast	WC
DC3	Overberg	WC
DC2	Cape Winelands	WC
DC5	Central Karoo	WC
DC4	Eden	WC
DC7	Pixley ka Seme	NC
DC6	Namakwa	NC
DC9	Frances Baard	NC
DC8	Siyanda	NC
DC39	Dr Ruth Segomotsi Mompati	NW
DC38	Ngaka Modiri Molema	NW
DC10	Cacadu	EC
DC13	Chris Hani	EC
DC12	Amathole	EC
DC15	O.R.Tambo	EC
DC14	Joe Gqabi	EC
DC16	Xhariep	FS
DC19	Thabo Mofutsanyane	FS
DC18	Lejweleputswa	FS
DC31	Nkangala	MP
DC30	Gert Sibande	MP
DC37	Bojanala	NW
DC36	Waterberg	LIM
DC35	Capricorn	LIM
DC34	Vhembe	LIM
DC33	Mopani	LIM
EKU	Ekurhuleni	GT
CPT	City of Cape Town	WC
NMA	Nelson Mandela Bay	EC
MAN	Mangaung	FS
JHB	City of Johannesburg	GT
TSH	City of Tshwane	GT
ETH	eThekwini	KZN
BUF	Buffalo City	EC
\.


--
-- Data for Name: municipality; Type: TABLE DATA; Schema: public; Owner: census
--

COPY municipality (code, name, district_code, province_code) FROM stdin;
FS204	Metsimaholo	DC20	FS
EC101	Camdeboo	DC10	EC
EC102	Blue Crane Route	DC10	EC
EC103	Ikwezi	DC10	EC
EC104	Makana	DC10	EC
EC105	Ndlambe	DC10	EC
EC106	Sundays River Valley	DC10	EC
EC107	Baviaans	DC10	EC
EC108	Kouga	DC10	EC
EC109	Kou-Kamma	DC10	EC
EC121	Mbhashe	DC12	EC
EC122	Mnquma	DC12	EC
EC123	Great Kei	DC12	EC
EC124	Amahlathi	DC12	EC
EC126	Ngqushwa	DC12	EC
EC127	Nkonkobe	DC12	EC
EC128	Nxuba	DC12	EC
EC131	Inxuba Yethemba	DC13	EC
EC132	Tsolwana	DC13	EC
EC133	Inkwanca	DC13	EC
EC134	Lukanji	DC13	EC
EC135	Intsika Yethu	DC13	EC
EC136	Emalahleni	DC13	EC
EC137	Engcobo	DC13	EC
EC138	Sakhisizwe	DC13	EC
EC141	Elundini	DC14	EC
EC142	Senqu	DC14	EC
EC143	Maletswai	DC14	EC
EC144	Gariep	DC14	EC
EC153	Ngquza Hill	DC15	EC
EC154	Port St Johns	DC15	EC
EC155	Nyandeni	DC15	EC
EC156	Mhlontlo	DC15	EC
EC157	King Sabata Dalindyebo	DC15	EC
EC441	Matatiele	DC44	EC
EC442	Umzimvubu	DC44	EC
EC443	Mbizana	DC44	EC
EC444	Ntabankulu	DC44	EC
FS161	Letsemeng	DC16	FS
FS162	Kopanong	DC16	FS
FS163	Mohokare	DC16	FS
FS164	Naledi	DC16	FS
FS181	Masilonyana	DC18	FS
FS182	Tokologo	DC18	FS
FS183	Tswelopele	DC18	FS
FS184	Matjhabeng	DC18	FS
FS185	Nala	DC18	FS
FS191	Setsoto	DC19	FS
FS192	Dihlabeng	DC19	FS
FS193	Nketoana	DC19	FS
FS194	Maluti a Phofung	DC19	FS
FS195	Phumelela	DC19	FS
FS196	Mantsopa	DC19	FS
FS201	Moqhaka	DC20	FS
FS203	Ngwathe	DC20	FS
FS205	Mafube	DC20	FS
GT421	Emfuleni	DC42	GT
GT422	Midvaal	DC42	GT
GT423	Lesedi	DC42	GT
GT481	Mogale City	DC48	GT
GT482	Randfontein	DC48	GT
GT483	Westonaria	DC48	GT
GT484	Merafong City	DC48	GT
KZN211	Vulamehlo	DC21	KZN
KZN212	Umdoni	DC21	KZN
KZN213	Umzumbe	DC21	KZN
KZN214	UMuziwabantu	DC21	KZN
KZN215	Ezingoleni	DC21	KZN
KZN216	Hibiscus Coast	DC21	KZN
KZN221	uMshwathi	DC22	KZN
KZN222	uMngeni	DC22	KZN
KZN223	Mpofana	DC22	KZN
KZN224	Impendle	DC22	KZN
KZN225	The Msunduzi	DC22	KZN
KZN226	Mkhambathini	DC22	KZN
KZN227	Richmond	DC22	KZN
KZN232	Emnambithi/Ladysmith	DC23	KZN
KZN233	Indaka	DC23	KZN
KZN234	Umtshezi	DC23	KZN
KZN235	Okhahlamba	DC23	KZN
KZN236	Imbabazane	DC23	KZN
KZN241	Endumeni	DC24	KZN
KZN242	Nqutu	DC24	KZN
KZN244	Msinga	DC24	KZN
KZN245	Umvoti	DC24	KZN
KZN252	Newcastle	DC25	KZN
KZN253	Emadlangeni	DC25	KZN
KZN254	Dannhauser	DC25	KZN
KZN261	eDumbe	DC26	KZN
KZN262	UPhongolo	DC26	KZN
KZN263	Abaqulusi	DC26	KZN
KZN265	Nongoma	DC26	KZN
KZN266	Ulundi	DC26	KZN
KZN271	Umhlabuyalingana	DC27	KZN
KZN272	Jozini	DC27	KZN
KZN273	The Big 5 False Bay	DC27	KZN
KZN274	Hlabisa	DC27	KZN
KZN275	Mtubatuba	DC27	KZN
KZN281	Mfolozi	DC28	KZN
KZN282	uMhlathuze	DC28	KZN
KZN283	Ntambanana	DC28	KZN
KZN284	uMlalazi	DC28	KZN
KZN285	Mthonjaneni	DC28	KZN
KZN286	Nkandla	DC28	KZN
KZN291	Mandeni	DC29	KZN
KZN292	KwaDukuza	DC29	KZN
KZN293	Ndwedwe	DC29	KZN
KZN294	Maphumulo	DC29	KZN
KZN431	Ingwe	DC43	KZN
KZN432	Kwa Sani	DC43	KZN
KZN433	Greater Kokstad	DC43	KZN
KZN434	Ubuhlebezwe	DC43	KZN
KZN435	Umzimkhulu	DC43	KZN
LIM331	Greater Giyani	DC33	LIM
LIM332	Greater Letaba	DC33	LIM
LIM333	Greater Tzaneen	DC33	LIM
LIM334	Ba-Phalaborwa	DC33	LIM
LIM335	Maruleng	DC33	LIM
LIM341	Musina	DC34	LIM
LIM342	Mutale	DC34	LIM
LIM343	Thulamela	DC34	LIM
LIM344	Makhado	DC34	LIM
LIM351	Blouberg	DC35	LIM
LIM352	Aganang	DC35	LIM
LIM353	Molemole	DC35	LIM
LIM354	Polokwane	DC35	LIM
LIM355	Lepele-Nkumpi	DC35	LIM
LIM361	Thabazimbi	DC36	LIM
LIM362	Lephalale	DC36	LIM
LIM364	Mookgopong	DC36	LIM
LIM365	Modimolle	DC36	LIM
LIM366	Bela-Bela	DC36	LIM
LIM367	Mogalakwena	DC36	LIM
LIM471	Ephraim Mogale	DC47	LIM
LIM472	Elias Motsoaledi	DC47	LIM
LIM473	Makhuduthamaga	DC47	LIM
LIM474	Fetakgomo	DC47	LIM
LIM475	Greater Tubatse	DC47	LIM
MP301	Albert Luthuli	DC30	MP
MP302	Msukaligwa	DC30	MP
MP303	Mkhondo	DC30	MP
MP304	Pixley Ka Seme	DC30	MP
MP305	Lekwa	DC30	MP
MP306	Dipaleseng	DC30	MP
MP307	Govan Mbeki	DC30	MP
MP311	Victor Khanye	DC31	MP
MP312	Emalahleni	DC31	MP
MP313	Steve Tshwete	DC31	MP
MP314	Emakhazeni	DC31	MP
MP315	Thembisile	DC31	MP
MP316	Dr JS Moroka	DC31	MP
MP321	Thaba Chweu	DC32	MP
MP322	Mbombela	DC32	MP
MP323	Umjindi	DC32	MP
MP324	Nkomazi	DC32	MP
MP325	Bushbuckridge	DC32	MP
NC061	Richtersveld	DC6	NC
NC062	Nama Khoi	DC6	NC
NC064	Kamiesberg	DC6	NC
NC065	Hantam	DC6	NC
NC066	Karoo Hoogland	DC6	NC
NC067	Khâi-Ma	DC6	NC
NC071	Ubuntu	DC7	NC
NC072	Umsobomvu	DC7	NC
NC073	Emthanjeni	DC7	NC
NC074	Kareeberg	DC7	NC
NC075	Renosterberg	DC7	NC
NC076	Thembelihle	DC7	NC
NC077	Siyathemba	DC7	NC
NC078	Siyancuma	DC7	NC
NC081	Mier	DC8	NC
NC082	Kai !Garib	DC8	NC
NC083	//Khara Hais	DC8	NC
NC084	!Kheis	DC8	NC
NC085	Tsantsabane	DC8	NC
NC086	Kgatelopele	DC8	NC
NC091	Sol Plaatjie	DC9	NC
NC092	Dikgatlong	DC9	NC
NC093	Magareng	DC9	NC
NC094	Phokwane	DC9	NC
NC451	Joe Morolong	DC45	NC
NC452	Ga-Segonyana	DC45	NC
NC453	Gamagara	DC45	NC
NW371	Moretele	DC37	NW
NW372	Madibeng	DC37	NW
NW373	Rustenburg	DC37	NW
NW374	Kgetlengrivier	DC37	NW
NW375	Moses Kotane	DC37	NW
NW381	Ratlou	DC38	NW
NW382	Tswaing	DC38	NW
NW383	Mafikeng	DC38	NW
NW384	Ditsobotla	DC38	NW
NW385	Ramotshere Moiloa	DC38	NW
NW392	Naledi	DC39	NW
NW393	Mamusa	DC39	NW
NW394	Greater Taung	DC39	NW
NW396	Lekwa-Teemane	DC39	NW
NW397	Kagisano/Molopo	DC39	NW
NW401	Ventersdorp	DC40	NW
NW402	Tlokwe City Council	DC40	NW
NW403	City of Matlosana	DC40	NW
NW404	Maquassi Hills	DC40	NW
WC011	Matzikama	DC1	WC
WC012	Cederberg	DC1	WC
WC013	Bergrivier	DC1	WC
WC014	Saldanha Bay	DC1	WC
WC015	Swartland	DC1	WC
WC022	Witzenberg	DC2	WC
WC023	Drakenstein	DC2	WC
WC024	Stellenbosch	DC2	WC
WC025	Breede Valley	DC2	WC
WC026	Langeberg	DC2	WC
WC031	Theewaterskloof	DC3	WC
WC032	Overstrand	DC3	WC
WC033	Cape Agulhas	DC3	WC
WC034	Swellendam	DC3	WC
WC041	Kannaland	DC4	WC
WC042	Hessequa	DC4	WC
WC043	Mossel Bay	DC4	WC
WC044	George	DC4	WC
WC045	Oudtshoorn	DC4	WC
WC047	Bitou	DC4	WC
WC048	Knysna	DC4	WC
WC051	Laingsburg	DC5	WC
WC052	Prince Albert	DC5	WC
WC053	Beaufort West	DC5	WC
EKU	Ekurhuleni	EKU	GT
CPT	City of Cape Town	CPT	WC
NMA	Nelson Mandela Bay	NMA	EC
MAN	Mangaung	MAN	FS
JHB	City of Johannesburg	JHB	GT
TSH	City of Tshwane	TSH	GT
ETH	eThekwini	ETH	KZN
BUF	Buffalo City	BUF	EC
\.


--
-- Data for Name: province; Type: TABLE DATA; Schema: public; Owner: census
--

COPY province (code, name, fips_code) FROM stdin;
KZN	KwaZulu-Natal	SF02
FS	Free State	SF03
EC	Eastern Cape	SF05
GT	Gauteng	SF06
MP	Mpumalanga	SF07
NC	Northern Cape	SF08
LIM	Limpopo	SF09
NW	North West	SF10
WC	Western Cape	SF11
\.


--
-- Data for Name: ward; Type: TABLE DATA; Schema: public; Owner: census
--

COPY ward (code, ward_no, muni_code, district_code, province_code) FROM stdin;
21001001	1	\N	\N	\N
21001002	2	\N	\N	\N
21001003	3	\N	\N	\N
21001004	4	\N	\N	\N
21001005	5	\N	\N	\N
21001006	6	\N	\N	\N
21001007	7	\N	\N	\N
21002001	1	\N	\N	\N
21002002	2	\N	\N	\N
21002003	3	\N	\N	\N
21002004	4	\N	\N	\N
21002005	5	\N	\N	\N
21002006	6	\N	\N	\N
21003001	1	\N	\N	\N
21003002	2	\N	\N	\N
21003003	3	\N	\N	\N
21003004	4	\N	\N	\N
21004001	1	\N	\N	\N
21004002	2	\N	\N	\N
21004003	3	\N	\N	\N
21004004	4	\N	\N	\N
21004005	5	\N	\N	\N
21004006	6	\N	\N	\N
21004007	7	\N	\N	\N
21004008	8	\N	\N	\N
21004009	9	\N	\N	\N
21004010	10	\N	\N	\N
21004011	11	\N	\N	\N
21004012	12	\N	\N	\N
21004013	13	\N	\N	\N
21004014	14	\N	\N	\N
21005001	1	\N	\N	\N
21005002	2	\N	\N	\N
21005003	3	\N	\N	\N
21005004	4	\N	\N	\N
21005005	5	\N	\N	\N
21005006	6	\N	\N	\N
21005007	7	\N	\N	\N
21005008	8	\N	\N	\N
21005009	9	\N	\N	\N
21005010	10	\N	\N	\N
21006001	1	\N	\N	\N
21006002	2	\N	\N	\N
21006003	3	\N	\N	\N
21006004	4	\N	\N	\N
21006005	5	\N	\N	\N
21006006	6	\N	\N	\N
21006007	7	\N	\N	\N
21006008	8	\N	\N	\N
21007001	1	\N	\N	\N
21007002	2	\N	\N	\N
21007003	3	\N	\N	\N
21007004	4	\N	\N	\N
21008001	1	\N	\N	\N
21008002	2	\N	\N	\N
21008003	3	\N	\N	\N
21008004	4	\N	\N	\N
21008005	5	\N	\N	\N
21008006	6	\N	\N	\N
21008007	7	\N	\N	\N
21008008	8	\N	\N	\N
21008009	9	\N	\N	\N
21008010	10	\N	\N	\N
21008011	11	\N	\N	\N
21008012	12	\N	\N	\N
21008013	13	\N	\N	\N
21008014	14	\N	\N	\N
21008015	15	\N	\N	\N
21009001	1	\N	\N	\N
21009002	2	\N	\N	\N
21009003	3	\N	\N	\N
21009004	4	\N	\N	\N
21009005	5	\N	\N	\N
21009006	6	\N	\N	\N
21201001	1	\N	\N	\N
21201002	2	\N	\N	\N
21201003	3	\N	\N	\N
21201004	4	\N	\N	\N
21201005	5	\N	\N	\N
21201006	6	\N	\N	\N
21201007	7	\N	\N	\N
21201008	8	\N	\N	\N
21201009	9	\N	\N	\N
21201010	10	\N	\N	\N
21201011	11	\N	\N	\N
21201012	12	\N	\N	\N
21201013	13	\N	\N	\N
21201014	14	\N	\N	\N
21201015	15	\N	\N	\N
21201016	16	\N	\N	\N
21201017	17	\N	\N	\N
21201018	18	\N	\N	\N
21201019	19	\N	\N	\N
21201020	20	\N	\N	\N
21201021	21	\N	\N	\N
21201022	22	\N	\N	\N
21201023	23	\N	\N	\N
21201024	24	\N	\N	\N
21201025	25	\N	\N	\N
21201026	26	\N	\N	\N
21201027	27	\N	\N	\N
21201028	28	\N	\N	\N
21201029	29	\N	\N	\N
21201030	30	\N	\N	\N
21201031	31	\N	\N	\N
21202001	1	\N	\N	\N
21202002	2	\N	\N	\N
21202003	3	\N	\N	\N
21202004	4	\N	\N	\N
21202005	5	\N	\N	\N
21202006	6	\N	\N	\N
21202007	7	\N	\N	\N
21202008	8	\N	\N	\N
21202009	9	\N	\N	\N
21202010	10	\N	\N	\N
21202011	11	\N	\N	\N
21202012	12	\N	\N	\N
21202013	13	\N	\N	\N
21202014	14	\N	\N	\N
21202015	15	\N	\N	\N
21202016	16	\N	\N	\N
21202017	17	\N	\N	\N
21202018	18	\N	\N	\N
21202019	19	\N	\N	\N
21202020	20	\N	\N	\N
21202021	21	\N	\N	\N
21202022	22	\N	\N	\N
21202023	23	\N	\N	\N
21202024	24	\N	\N	\N
21202025	25	\N	\N	\N
21202026	26	\N	\N	\N
21202027	27	\N	\N	\N
21202028	28	\N	\N	\N
21202029	29	\N	\N	\N
21202030	30	\N	\N	\N
21202031	31	\N	\N	\N
21203001	1	\N	\N	\N
21203002	2	\N	\N	\N
21203003	3	\N	\N	\N
21203004	4	\N	\N	\N
21203005	5	\N	\N	\N
21203006	6	\N	\N	\N
21203007	7	\N	\N	\N
21204001	1	\N	\N	\N
21204002	2	\N	\N	\N
21204003	3	\N	\N	\N
21204004	4	\N	\N	\N
21204005	5	\N	\N	\N
21204006	6	\N	\N	\N
21204007	7	\N	\N	\N
21204008	8	\N	\N	\N
21204009	9	\N	\N	\N
21204010	10	\N	\N	\N
21204011	11	\N	\N	\N
21204012	12	\N	\N	\N
21204013	13	\N	\N	\N
21204014	14	\N	\N	\N
21204015	15	\N	\N	\N
21204016	16	\N	\N	\N
21204017	17	\N	\N	\N
21204018	18	\N	\N	\N
21204019	19	\N	\N	\N
21204020	20	\N	\N	\N
21206001	1	\N	\N	\N
21206002	2	\N	\N	\N
21206003	3	\N	\N	\N
21206004	4	\N	\N	\N
21206005	5	\N	\N	\N
21206006	6	\N	\N	\N
21206007	7	\N	\N	\N
21206008	8	\N	\N	\N
21206009	9	\N	\N	\N
21206010	10	\N	\N	\N
21206011	11	\N	\N	\N
21206012	12	\N	\N	\N
21206013	13	\N	\N	\N
21207001	1	\N	\N	\N
21207002	2	\N	\N	\N
21207003	3	\N	\N	\N
21207004	4	\N	\N	\N
21207005	5	\N	\N	\N
21207006	6	\N	\N	\N
21207007	7	\N	\N	\N
21207008	8	\N	\N	\N
21207009	9	\N	\N	\N
21207010	10	\N	\N	\N
21207011	11	\N	\N	\N
21207012	12	\N	\N	\N
21207013	13	\N	\N	\N
21207014	14	\N	\N	\N
21207015	15	\N	\N	\N
21207016	16	\N	\N	\N
21207017	17	\N	\N	\N
21207018	18	\N	\N	\N
21207019	19	\N	\N	\N
21207020	20	\N	\N	\N
21207021	21	\N	\N	\N
21208001	1	\N	\N	\N
21208002	2	\N	\N	\N
21208003	3	\N	\N	\N
21208004	4	\N	\N	\N
21301001	1	\N	\N	\N
21301002	2	\N	\N	\N
21301003	3	\N	\N	\N
21301004	4	\N	\N	\N
21301005	5	\N	\N	\N
21301006	6	\N	\N	\N
21301007	7	\N	\N	\N
21301008	8	\N	\N	\N
21301009	9	\N	\N	\N
21302001	1	\N	\N	\N
21302002	2	\N	\N	\N
21302003	3	\N	\N	\N
21302004	4	\N	\N	\N
21302005	5	\N	\N	\N
21303001	1	\N	\N	\N
21303002	2	\N	\N	\N
21303003	3	\N	\N	\N
21303004	4	\N	\N	\N
21304001	1	\N	\N	\N
21304002	2	\N	\N	\N
21304003	3	\N	\N	\N
21304004	4	\N	\N	\N
21304005	5	\N	\N	\N
21304006	6	\N	\N	\N
21304007	7	\N	\N	\N
21304008	8	\N	\N	\N
21304009	9	\N	\N	\N
21304010	10	\N	\N	\N
21304011	11	\N	\N	\N
21304012	12	\N	\N	\N
21304013	13	\N	\N	\N
21304014	14	\N	\N	\N
21304015	15	\N	\N	\N
21304016	16	\N	\N	\N
21304017	17	\N	\N	\N
21304018	18	\N	\N	\N
21304019	19	\N	\N	\N
21304020	20	\N	\N	\N
21304021	21	\N	\N	\N
21304022	22	\N	\N	\N
21304023	23	\N	\N	\N
21304024	24	\N	\N	\N
21304025	25	\N	\N	\N
21304026	26	\N	\N	\N
21304027	27	\N	\N	\N
21305001	1	\N	\N	\N
21305002	2	\N	\N	\N
21305003	3	\N	\N	\N
21305004	4	\N	\N	\N
21305005	5	\N	\N	\N
21305006	6	\N	\N	\N
21305007	7	\N	\N	\N
21305008	8	\N	\N	\N
21305009	9	\N	\N	\N
21305010	10	\N	\N	\N
21305011	11	\N	\N	\N
21305012	12	\N	\N	\N
21305013	13	\N	\N	\N
21305014	14	\N	\N	\N
21305015	15	\N	\N	\N
21305016	16	\N	\N	\N
21305017	17	\N	\N	\N
21305018	18	\N	\N	\N
21305019	19	\N	\N	\N
21305020	20	\N	\N	\N
21305021	21	\N	\N	\N
21306001	1	\N	\N	\N
21306002	2	\N	\N	\N
21306003	3	\N	\N	\N
21306004	4	\N	\N	\N
21306005	5	\N	\N	\N
21306006	6	\N	\N	\N
21306007	7	\N	\N	\N
21306008	8	\N	\N	\N
21306009	9	\N	\N	\N
21306010	10	\N	\N	\N
21306011	11	\N	\N	\N
21306012	12	\N	\N	\N
21306013	13	\N	\N	\N
21306014	14	\N	\N	\N
21306015	15	\N	\N	\N
21306016	16	\N	\N	\N
21306017	17	\N	\N	\N
21307001	1	\N	\N	\N
21307002	2	\N	\N	\N
21307003	3	\N	\N	\N
21307004	4	\N	\N	\N
21307005	5	\N	\N	\N
21307006	6	\N	\N	\N
21307007	7	\N	\N	\N
21307008	8	\N	\N	\N
21307009	9	\N	\N	\N
21307010	10	\N	\N	\N
21307011	11	\N	\N	\N
21307012	12	\N	\N	\N
21307013	13	\N	\N	\N
21307014	14	\N	\N	\N
21307015	15	\N	\N	\N
21307016	16	\N	\N	\N
21307017	17	\N	\N	\N
21307018	18	\N	\N	\N
21307019	19	\N	\N	\N
21307020	20	\N	\N	\N
21308001	1	\N	\N	\N
21308002	2	\N	\N	\N
21308003	3	\N	\N	\N
21308004	4	\N	\N	\N
21308005	5	\N	\N	\N
21308006	6	\N	\N	\N
21308007	7	\N	\N	\N
21308008	8	\N	\N	\N
21308009	9	\N	\N	\N
21401001	1	\N	\N	\N
21401002	2	\N	\N	\N
21401003	3	\N	\N	\N
21401004	4	\N	\N	\N
21401005	5	\N	\N	\N
21401006	6	\N	\N	\N
21401007	7	\N	\N	\N
21401008	8	\N	\N	\N
21401009	9	\N	\N	\N
21401010	10	\N	\N	\N
21401011	11	\N	\N	\N
21401012	12	\N	\N	\N
21401013	13	\N	\N	\N
21401014	14	\N	\N	\N
21401015	15	\N	\N	\N
21401016	16	\N	\N	\N
21401017	17	\N	\N	\N
21402001	1	\N	\N	\N
21402002	2	\N	\N	\N
21402003	3	\N	\N	\N
21402004	4	\N	\N	\N
21402005	5	\N	\N	\N
21402006	6	\N	\N	\N
21402007	7	\N	\N	\N
21402008	8	\N	\N	\N
21402009	9	\N	\N	\N
21402010	10	\N	\N	\N
21402011	11	\N	\N	\N
21402012	12	\N	\N	\N
21402013	13	\N	\N	\N
21402014	14	\N	\N	\N
21402015	15	\N	\N	\N
21402016	16	\N	\N	\N
21402017	17	\N	\N	\N
21402018	18	\N	\N	\N
21402019	19	\N	\N	\N
21403001	1	\N	\N	\N
21403002	2	\N	\N	\N
21403003	3	\N	\N	\N
21403004	4	\N	\N	\N
21403005	5	\N	\N	\N
21403006	6	\N	\N	\N
21404001	1	\N	\N	\N
21404002	2	\N	\N	\N
21404003	3	\N	\N	\N
21404004	4	\N	\N	\N
21404005	5	\N	\N	\N
21503001	1	\N	\N	\N
21503002	2	\N	\N	\N
21503003	3	\N	\N	\N
21503004	4	\N	\N	\N
21503005	5	\N	\N	\N
21503006	6	\N	\N	\N
21503007	7	\N	\N	\N
21503008	8	\N	\N	\N
21503009	9	\N	\N	\N
21503010	10	\N	\N	\N
21503011	11	\N	\N	\N
21503012	12	\N	\N	\N
21503013	13	\N	\N	\N
21503014	14	\N	\N	\N
21503015	15	\N	\N	\N
21503016	16	\N	\N	\N
21503017	17	\N	\N	\N
21503018	18	\N	\N	\N
21503019	19	\N	\N	\N
21503020	20	\N	\N	\N
21503021	21	\N	\N	\N
21503022	22	\N	\N	\N
21503023	23	\N	\N	\N
21503024	24	\N	\N	\N
21503025	25	\N	\N	\N
21503026	26	\N	\N	\N
21503027	27	\N	\N	\N
21503028	28	\N	\N	\N
21503029	29	\N	\N	\N
21503030	30	\N	\N	\N
21503031	31	\N	\N	\N
21504001	1	\N	\N	\N
21504002	2	\N	\N	\N
21504003	3	\N	\N	\N
21504004	4	\N	\N	\N
21504005	5	\N	\N	\N
21504006	6	\N	\N	\N
21504007	7	\N	\N	\N
21504008	8	\N	\N	\N
21504009	9	\N	\N	\N
21504010	10	\N	\N	\N
21504011	11	\N	\N	\N
21504012	12	\N	\N	\N
21504013	13	\N	\N	\N
21504014	14	\N	\N	\N
21504015	15	\N	\N	\N
21504016	16	\N	\N	\N
21504017	17	\N	\N	\N
21504018	18	\N	\N	\N
21504019	19	\N	\N	\N
21504020	20	\N	\N	\N
21505001	1	\N	\N	\N
21505002	2	\N	\N	\N
21505003	3	\N	\N	\N
21505004	4	\N	\N	\N
21505005	5	\N	\N	\N
21505006	6	\N	\N	\N
21505007	7	\N	\N	\N
21505008	8	\N	\N	\N
21505009	9	\N	\N	\N
21505010	10	\N	\N	\N
21505011	11	\N	\N	\N
21505012	12	\N	\N	\N
21505013	13	\N	\N	\N
21505014	14	\N	\N	\N
21505015	15	\N	\N	\N
21505016	16	\N	\N	\N
21505017	17	\N	\N	\N
21505018	18	\N	\N	\N
21505019	19	\N	\N	\N
21505020	20	\N	\N	\N
21505021	21	\N	\N	\N
21505022	22	\N	\N	\N
21505023	23	\N	\N	\N
21505024	24	\N	\N	\N
21505025	25	\N	\N	\N
21505026	26	\N	\N	\N
21505027	27	\N	\N	\N
21505028	28	\N	\N	\N
21505029	29	\N	\N	\N
21505030	30	\N	\N	\N
21505031	31	\N	\N	\N
21506001	1	\N	\N	\N
21506002	2	\N	\N	\N
21506003	3	\N	\N	\N
21506004	4	\N	\N	\N
21506005	5	\N	\N	\N
21506006	6	\N	\N	\N
21506007	7	\N	\N	\N
21506008	8	\N	\N	\N
21506009	9	\N	\N	\N
21506010	10	\N	\N	\N
21506011	11	\N	\N	\N
21506012	12	\N	\N	\N
21506013	13	\N	\N	\N
21506014	14	\N	\N	\N
21506015	15	\N	\N	\N
21506016	16	\N	\N	\N
21506017	17	\N	\N	\N
21506018	18	\N	\N	\N
21506019	19	\N	\N	\N
21506020	20	\N	\N	\N
21506021	21	\N	\N	\N
21506022	22	\N	\N	\N
21506023	23	\N	\N	\N
21506024	24	\N	\N	\N
21506025	25	\N	\N	\N
21506026	26	\N	\N	\N
21507001	1	\N	\N	\N
21507002	2	\N	\N	\N
21507003	3	\N	\N	\N
21507004	4	\N	\N	\N
21507005	5	\N	\N	\N
21507006	6	\N	\N	\N
21507007	7	\N	\N	\N
21507008	8	\N	\N	\N
21507009	9	\N	\N	\N
21507010	10	\N	\N	\N
21507011	11	\N	\N	\N
21507012	12	\N	\N	\N
21507013	13	\N	\N	\N
21507014	14	\N	\N	\N
21507015	15	\N	\N	\N
21507016	16	\N	\N	\N
21507017	17	\N	\N	\N
21507018	18	\N	\N	\N
21507019	19	\N	\N	\N
21507020	20	\N	\N	\N
21507021	21	\N	\N	\N
21507022	22	\N	\N	\N
21507023	23	\N	\N	\N
21507024	24	\N	\N	\N
21507025	25	\N	\N	\N
21507026	26	\N	\N	\N
21507027	27	\N	\N	\N
21507028	28	\N	\N	\N
21507029	29	\N	\N	\N
21507030	30	\N	\N	\N
21507031	31	\N	\N	\N
21507032	32	\N	\N	\N
21507033	33	\N	\N	\N
21507034	34	\N	\N	\N
21507035	35	\N	\N	\N
24401001	1	\N	\N	\N
24401002	2	\N	\N	\N
24401003	3	\N	\N	\N
24401004	4	\N	\N	\N
24401005	5	\N	\N	\N
24401006	6	\N	\N	\N
24401007	7	\N	\N	\N
24401008	8	\N	\N	\N
24401009	9	\N	\N	\N
24401010	10	\N	\N	\N
24401011	11	\N	\N	\N
24401012	12	\N	\N	\N
24401013	13	\N	\N	\N
24401014	14	\N	\N	\N
24401015	15	\N	\N	\N
24401016	16	\N	\N	\N
24401017	17	\N	\N	\N
24401018	18	\N	\N	\N
24401019	19	\N	\N	\N
24401020	20	\N	\N	\N
24401021	21	\N	\N	\N
24401022	22	\N	\N	\N
24401023	23	\N	\N	\N
24401024	24	\N	\N	\N
24401025	25	\N	\N	\N
24401026	26	\N	\N	\N
24402001	1	\N	\N	\N
24402002	2	\N	\N	\N
24402003	3	\N	\N	\N
24402004	4	\N	\N	\N
24402005	5	\N	\N	\N
24402006	6	\N	\N	\N
24402007	7	\N	\N	\N
24402008	8	\N	\N	\N
24402009	9	\N	\N	\N
24402010	10	\N	\N	\N
24402011	11	\N	\N	\N
24402012	12	\N	\N	\N
24402013	13	\N	\N	\N
24402014	14	\N	\N	\N
24402015	15	\N	\N	\N
24402016	16	\N	\N	\N
24402017	17	\N	\N	\N
24402018	18	\N	\N	\N
24402019	19	\N	\N	\N
24402020	20	\N	\N	\N
24402021	21	\N	\N	\N
24402022	22	\N	\N	\N
24402023	23	\N	\N	\N
24402024	24	\N	\N	\N
24402025	25	\N	\N	\N
24402026	26	\N	\N	\N
24402027	27	\N	\N	\N
24403001	1	\N	\N	\N
24403002	2	\N	\N	\N
24403003	3	\N	\N	\N
24403004	4	\N	\N	\N
24403005	5	\N	\N	\N
24403006	6	\N	\N	\N
24403007	7	\N	\N	\N
24403008	8	\N	\N	\N
24403009	9	\N	\N	\N
24403010	10	\N	\N	\N
24403011	11	\N	\N	\N
24403012	12	\N	\N	\N
24403013	13	\N	\N	\N
24403014	14	\N	\N	\N
24403015	15	\N	\N	\N
24403016	16	\N	\N	\N
24403017	17	\N	\N	\N
24403018	18	\N	\N	\N
24403019	19	\N	\N	\N
24403020	20	\N	\N	\N
24403021	21	\N	\N	\N
24403022	22	\N	\N	\N
24403023	23	\N	\N	\N
24403024	24	\N	\N	\N
24403025	25	\N	\N	\N
24403026	26	\N	\N	\N
24403027	27	\N	\N	\N
24403028	28	\N	\N	\N
24403029	29	\N	\N	\N
24403030	30	\N	\N	\N
24403031	31	\N	\N	\N
24404001	1	\N	\N	\N
24404002	2	\N	\N	\N
24404003	3	\N	\N	\N
24404004	4	\N	\N	\N
24404005	5	\N	\N	\N
24404006	6	\N	\N	\N
24404007	7	\N	\N	\N
24404008	8	\N	\N	\N
24404009	9	\N	\N	\N
24404010	10	\N	\N	\N
24404011	11	\N	\N	\N
24404012	12	\N	\N	\N
24404013	13	\N	\N	\N
24404014	14	\N	\N	\N
24404015	15	\N	\N	\N
24404016	16	\N	\N	\N
24404017	17	\N	\N	\N
24404018	18	\N	\N	\N
29200001	1	\N	\N	\N
29200002	2	\N	\N	\N
29200003	3	\N	\N	\N
29200004	4	\N	\N	\N
29200005	5	\N	\N	\N
29200006	6	\N	\N	\N
29200007	7	\N	\N	\N
29200008	8	\N	\N	\N
29200009	9	\N	\N	\N
29200010	10	\N	\N	\N
29200011	11	\N	\N	\N
29200012	12	\N	\N	\N
29200013	13	\N	\N	\N
29200014	14	\N	\N	\N
29200015	15	\N	\N	\N
29200016	16	\N	\N	\N
29200017	17	\N	\N	\N
29200018	18	\N	\N	\N
29200019	19	\N	\N	\N
29200020	20	\N	\N	\N
29200021	21	\N	\N	\N
29200022	22	\N	\N	\N
29200023	23	\N	\N	\N
29200024	24	\N	\N	\N
29200025	25	\N	\N	\N
29200026	26	\N	\N	\N
29200027	27	\N	\N	\N
29200028	28	\N	\N	\N
29200029	29	\N	\N	\N
29200030	30	\N	\N	\N
29200031	31	\N	\N	\N
29200032	32	\N	\N	\N
29200033	33	\N	\N	\N
29200034	34	\N	\N	\N
29200035	35	\N	\N	\N
29200036	36	\N	\N	\N
29200037	37	\N	\N	\N
29200038	38	\N	\N	\N
29200039	39	\N	\N	\N
29200040	40	\N	\N	\N
29200041	41	\N	\N	\N
29200042	42	\N	\N	\N
29200043	43	\N	\N	\N
29200044	44	\N	\N	\N
29200045	45	\N	\N	\N
29200046	46	\N	\N	\N
29200047	47	\N	\N	\N
29200048	48	\N	\N	\N
29200049	49	\N	\N	\N
29200050	50	\N	\N	\N
29300001	1	\N	\N	\N
29300002	2	\N	\N	\N
29300003	3	\N	\N	\N
29300004	4	\N	\N	\N
29300005	5	\N	\N	\N
29300006	6	\N	\N	\N
29300007	7	\N	\N	\N
29300008	8	\N	\N	\N
29300009	9	\N	\N	\N
29300010	10	\N	\N	\N
29300011	11	\N	\N	\N
29300012	12	\N	\N	\N
29300013	13	\N	\N	\N
29300014	14	\N	\N	\N
29300015	15	\N	\N	\N
29300016	16	\N	\N	\N
29300017	17	\N	\N	\N
29300018	18	\N	\N	\N
29300019	19	\N	\N	\N
29300020	20	\N	\N	\N
29300021	21	\N	\N	\N
29300022	22	\N	\N	\N
29300023	23	\N	\N	\N
29300024	24	\N	\N	\N
29300025	25	\N	\N	\N
29300026	26	\N	\N	\N
29300027	27	\N	\N	\N
29300028	28	\N	\N	\N
29300029	29	\N	\N	\N
29300030	30	\N	\N	\N
29300031	31	\N	\N	\N
29300032	32	\N	\N	\N
29300033	33	\N	\N	\N
29300034	34	\N	\N	\N
29300035	35	\N	\N	\N
29300036	36	\N	\N	\N
29300037	37	\N	\N	\N
29300038	38	\N	\N	\N
29300039	39	\N	\N	\N
29300040	40	\N	\N	\N
29300041	41	\N	\N	\N
29300042	42	\N	\N	\N
29300043	43	\N	\N	\N
29300044	44	\N	\N	\N
29300045	45	\N	\N	\N
29300046	46	\N	\N	\N
29300047	47	\N	\N	\N
29300048	48	\N	\N	\N
29300049	49	\N	\N	\N
29300050	50	\N	\N	\N
29300051	51	\N	\N	\N
29300052	52	\N	\N	\N
29300053	53	\N	\N	\N
29300054	54	\N	\N	\N
29300055	55	\N	\N	\N
29300056	56	\N	\N	\N
29300057	57	\N	\N	\N
29300058	58	\N	\N	\N
29300059	59	\N	\N	\N
29300060	60	\N	\N	\N
41601001	1	\N	\N	\N
41601002	2	\N	\N	\N
41601003	3	\N	\N	\N
41601004	4	\N	\N	\N
41601005	5	\N	\N	\N
41601006	6	\N	\N	\N
41602001	1	\N	\N	\N
41602002	2	\N	\N	\N
41602003	3	\N	\N	\N
41602004	4	\N	\N	\N
41602005	5	\N	\N	\N
41602006	6	\N	\N	\N
41602007	7	\N	\N	\N
41602008	8	\N	\N	\N
41603001	1	\N	\N	\N
41603002	2	\N	\N	\N
41603003	3	\N	\N	\N
41603004	4	\N	\N	\N
41603005	5	\N	\N	\N
41603006	6	\N	\N	\N
41604001	1	\N	\N	\N
41604002	2	\N	\N	\N
41604003	3	\N	\N	\N
41604004	4	\N	\N	\N
41801001	1	\N	\N	\N
41801002	2	\N	\N	\N
41801003	3	\N	\N	\N
41801004	4	\N	\N	\N
41801005	5	\N	\N	\N
41801006	6	\N	\N	\N
41801007	7	\N	\N	\N
41801008	8	\N	\N	\N
41801009	9	\N	\N	\N
41801010	10	\N	\N	\N
41802001	1	\N	\N	\N
41802002	2	\N	\N	\N
41802003	3	\N	\N	\N
41802004	4	\N	\N	\N
41803001	1	\N	\N	\N
41803002	2	\N	\N	\N
41803003	3	\N	\N	\N
41803004	4	\N	\N	\N
41803005	5	\N	\N	\N
41803006	6	\N	\N	\N
41803007	7	\N	\N	\N
41803008	8	\N	\N	\N
41804001	1	\N	\N	\N
41804002	2	\N	\N	\N
41804003	3	\N	\N	\N
41804004	4	\N	\N	\N
41804005	5	\N	\N	\N
41804006	6	\N	\N	\N
41804007	7	\N	\N	\N
41804008	8	\N	\N	\N
41804009	9	\N	\N	\N
41804010	10	\N	\N	\N
41804011	11	\N	\N	\N
41804012	12	\N	\N	\N
41804013	13	\N	\N	\N
41804014	14	\N	\N	\N
41804015	15	\N	\N	\N
41804016	16	\N	\N	\N
41804017	17	\N	\N	\N
41804018	18	\N	\N	\N
41804019	19	\N	\N	\N
41804020	20	\N	\N	\N
41804021	21	\N	\N	\N
41804022	22	\N	\N	\N
41804023	23	\N	\N	\N
41804024	24	\N	\N	\N
41804025	25	\N	\N	\N
41804026	26	\N	\N	\N
41804027	27	\N	\N	\N
41804028	28	\N	\N	\N
41804029	29	\N	\N	\N
41804030	30	\N	\N	\N
41804031	31	\N	\N	\N
41804032	32	\N	\N	\N
41804033	33	\N	\N	\N
41804034	34	\N	\N	\N
41804035	35	\N	\N	\N
41804036	36	\N	\N	\N
41805001	1	\N	\N	\N
41805002	2	\N	\N	\N
41805003	3	\N	\N	\N
41805004	4	\N	\N	\N
41805005	5	\N	\N	\N
41805006	6	\N	\N	\N
41805007	7	\N	\N	\N
41805008	8	\N	\N	\N
41805009	9	\N	\N	\N
41805010	10	\N	\N	\N
41805011	11	\N	\N	\N
41805012	12	\N	\N	\N
41901001	1	\N	\N	\N
41901002	2	\N	\N	\N
41901003	3	\N	\N	\N
41901004	4	\N	\N	\N
41901005	5	\N	\N	\N
41901006	6	\N	\N	\N
41901007	7	\N	\N	\N
41901008	8	\N	\N	\N
41901009	9	\N	\N	\N
41901010	10	\N	\N	\N
41901011	11	\N	\N	\N
41901012	12	\N	\N	\N
41901013	13	\N	\N	\N
41901014	14	\N	\N	\N
41901015	15	\N	\N	\N
41901016	16	\N	\N	\N
41901017	17	\N	\N	\N
41901018	18	\N	\N	\N
41902001	1	\N	\N	\N
41902002	2	\N	\N	\N
41902003	3	\N	\N	\N
41902004	4	\N	\N	\N
41902005	5	\N	\N	\N
41902006	6	\N	\N	\N
41902007	7	\N	\N	\N
41902008	8	\N	\N	\N
41902009	9	\N	\N	\N
41902010	10	\N	\N	\N
41902011	11	\N	\N	\N
41902012	12	\N	\N	\N
41902013	13	\N	\N	\N
41902014	14	\N	\N	\N
41902015	15	\N	\N	\N
41902016	16	\N	\N	\N
41902017	17	\N	\N	\N
41902018	18	\N	\N	\N
41902019	19	\N	\N	\N
41902020	20	\N	\N	\N
41903001	1	\N	\N	\N
41903002	2	\N	\N	\N
41903003	3	\N	\N	\N
41903004	4	\N	\N	\N
41903005	5	\N	\N	\N
41903006	6	\N	\N	\N
41903007	7	\N	\N	\N
41903008	8	\N	\N	\N
41903009	9	\N	\N	\N
41904001	1	\N	\N	\N
41904002	2	\N	\N	\N
41904003	3	\N	\N	\N
41904004	4	\N	\N	\N
41904005	5	\N	\N	\N
41904006	6	\N	\N	\N
41904007	7	\N	\N	\N
41904008	8	\N	\N	\N
41904009	9	\N	\N	\N
41904010	10	\N	\N	\N
41904011	11	\N	\N	\N
41904012	12	\N	\N	\N
41904013	13	\N	\N	\N
41904014	14	\N	\N	\N
41904015	15	\N	\N	\N
41904016	16	\N	\N	\N
41904017	17	\N	\N	\N
41904018	18	\N	\N	\N
41904019	19	\N	\N	\N
41904020	20	\N	\N	\N
41904021	21	\N	\N	\N
41904022	22	\N	\N	\N
41904023	23	\N	\N	\N
41904024	24	\N	\N	\N
41904025	25	\N	\N	\N
41904026	26	\N	\N	\N
41904027	27	\N	\N	\N
41904028	28	\N	\N	\N
41904029	29	\N	\N	\N
41904030	30	\N	\N	\N
41904031	31	\N	\N	\N
41904032	32	\N	\N	\N
41904033	33	\N	\N	\N
41904034	34	\N	\N	\N
41904035	35	\N	\N	\N
41905001	1	\N	\N	\N
41905002	2	\N	\N	\N
41905003	3	\N	\N	\N
41905004	4	\N	\N	\N
41905005	5	\N	\N	\N
41905006	6	\N	\N	\N
41905007	7	\N	\N	\N
41905008	8	\N	\N	\N
41906001	1	\N	\N	\N
41906002	2	\N	\N	\N
41906003	3	\N	\N	\N
41906004	4	\N	\N	\N
41906005	5	\N	\N	\N
41906006	6	\N	\N	\N
41906007	7	\N	\N	\N
41906008	8	\N	\N	\N
41906009	9	\N	\N	\N
42001001	1	\N	\N	\N
42001002	2	\N	\N	\N
42001003	3	\N	\N	\N
42001004	4	\N	\N	\N
42001005	5	\N	\N	\N
42001006	6	\N	\N	\N
42001007	7	\N	\N	\N
42001008	8	\N	\N	\N
42001009	9	\N	\N	\N
42001010	10	\N	\N	\N
42001011	11	\N	\N	\N
42001012	12	\N	\N	\N
42001013	13	\N	\N	\N
42001014	14	\N	\N	\N
42001015	15	\N	\N	\N
42001016	16	\N	\N	\N
42001017	17	\N	\N	\N
42001018	18	\N	\N	\N
42001019	19	\N	\N	\N
42001020	20	\N	\N	\N
42001021	21	\N	\N	\N
42001022	22	\N	\N	\N
42001023	23	\N	\N	\N
42001024	24	\N	\N	\N
42001025	25	\N	\N	\N
42003001	1	\N	\N	\N
42003002	2	\N	\N	\N
42003003	3	\N	\N	\N
42003004	4	\N	\N	\N
42003005	5	\N	\N	\N
42003006	6	\N	\N	\N
42003007	7	\N	\N	\N
42003008	8	\N	\N	\N
42003009	9	\N	\N	\N
42003010	10	\N	\N	\N
42003011	11	\N	\N	\N
42003012	12	\N	\N	\N
42003013	13	\N	\N	\N
42003014	14	\N	\N	\N
42003015	15	\N	\N	\N
42003016	16	\N	\N	\N
42003017	17	\N	\N	\N
42003018	18	\N	\N	\N
42003019	19	\N	\N	\N
42003020	20	\N	\N	\N
42004001	1	\N	\N	\N
42004002	2	\N	\N	\N
42004003	3	\N	\N	\N
42004004	4	\N	\N	\N
42004005	5	\N	\N	\N
42004006	6	\N	\N	\N
42004007	7	\N	\N	\N
42004008	8	\N	\N	\N
42004009	9	\N	\N	\N
42004010	10	\N	\N	\N
42004011	11	\N	\N	\N
42004012	12	\N	\N	\N
42004013	13	\N	\N	\N
42004014	14	\N	\N	\N
42004015	15	\N	\N	\N
42004016	16	\N	\N	\N
42004017	17	\N	\N	\N
42004018	18	\N	\N	\N
42004019	19	\N	\N	\N
42004020	20	\N	\N	\N
42004021	21	\N	\N	\N
42005001	1	\N	\N	\N
42005002	2	\N	\N	\N
42005003	3	\N	\N	\N
42005004	4	\N	\N	\N
42005005	5	\N	\N	\N
42005006	6	\N	\N	\N
42005007	7	\N	\N	\N
42005008	8	\N	\N	\N
42005009	9	\N	\N	\N
49400001	1	\N	\N	\N
49400002	2	\N	\N	\N
49400003	3	\N	\N	\N
49400004	4	\N	\N	\N
49400005	5	\N	\N	\N
49400006	6	\N	\N	\N
49400007	7	\N	\N	\N
49400008	8	\N	\N	\N
49400009	9	\N	\N	\N
49400010	10	\N	\N	\N
49400011	11	\N	\N	\N
49400012	12	\N	\N	\N
49400013	13	\N	\N	\N
49400014	14	\N	\N	\N
49400015	15	\N	\N	\N
49400016	16	\N	\N	\N
49400017	17	\N	\N	\N
49400018	18	\N	\N	\N
49400019	19	\N	\N	\N
49400020	20	\N	\N	\N
49400021	21	\N	\N	\N
49400022	22	\N	\N	\N
49400023	23	\N	\N	\N
49400024	24	\N	\N	\N
49400025	25	\N	\N	\N
49400026	26	\N	\N	\N
49400027	27	\N	\N	\N
49400028	28	\N	\N	\N
49400029	29	\N	\N	\N
49400030	30	\N	\N	\N
49400031	31	\N	\N	\N
49400032	32	\N	\N	\N
49400033	33	\N	\N	\N
49400034	34	\N	\N	\N
49400035	35	\N	\N	\N
49400036	36	\N	\N	\N
49400037	37	\N	\N	\N
49400038	38	\N	\N	\N
49400039	39	\N	\N	\N
49400040	40	\N	\N	\N
49400041	41	\N	\N	\N
49400042	42	\N	\N	\N
49400043	43	\N	\N	\N
49400044	44	\N	\N	\N
49400045	45	\N	\N	\N
49400046	46	\N	\N	\N
49400047	47	\N	\N	\N
49400048	48	\N	\N	\N
49400049	49	\N	\N	\N
74201001	1	\N	\N	\N
74201002	2	\N	\N	\N
74201003	3	\N	\N	\N
74201004	4	\N	\N	\N
74201005	5	\N	\N	\N
74201006	6	\N	\N	\N
74201007	7	\N	\N	\N
74201008	8	\N	\N	\N
74201009	9	\N	\N	\N
74201010	10	\N	\N	\N
74201011	11	\N	\N	\N
74201012	12	\N	\N	\N
74201013	13	\N	\N	\N
74201014	14	\N	\N	\N
74201015	15	\N	\N	\N
74201016	16	\N	\N	\N
74201017	17	\N	\N	\N
74201018	18	\N	\N	\N
74201019	19	\N	\N	\N
74201020	20	\N	\N	\N
74201021	21	\N	\N	\N
74201022	22	\N	\N	\N
74201023	23	\N	\N	\N
74201024	24	\N	\N	\N
74201025	25	\N	\N	\N
74201026	26	\N	\N	\N
74201027	27	\N	\N	\N
74201028	28	\N	\N	\N
74201029	29	\N	\N	\N
74201030	30	\N	\N	\N
74201031	31	\N	\N	\N
74201032	32	\N	\N	\N
74201033	33	\N	\N	\N
74201034	34	\N	\N	\N
74201035	35	\N	\N	\N
74201036	36	\N	\N	\N
74201037	37	\N	\N	\N
74201038	38	\N	\N	\N
74201039	39	\N	\N	\N
74201040	40	\N	\N	\N
74201041	41	\N	\N	\N
74201042	42	\N	\N	\N
74201043	43	\N	\N	\N
74201044	44	\N	\N	\N
74201045	45	\N	\N	\N
74202001	1	\N	\N	\N
74202002	2	\N	\N	\N
74202003	3	\N	\N	\N
74202004	4	\N	\N	\N
74202005	5	\N	\N	\N
74202006	6	\N	\N	\N
74202007	7	\N	\N	\N
74202008	8	\N	\N	\N
74202009	9	\N	\N	\N
74202010	10	\N	\N	\N
74202011	11	\N	\N	\N
74202012	12	\N	\N	\N
74202013	13	\N	\N	\N
74202014	14	\N	\N	\N
74203001	1	\N	\N	\N
74203002	2	\N	\N	\N
74203003	3	\N	\N	\N
74203004	4	\N	\N	\N
74203005	5	\N	\N	\N
74203006	6	\N	\N	\N
74203007	7	\N	\N	\N
74203008	8	\N	\N	\N
74203009	9	\N	\N	\N
74203010	10	\N	\N	\N
74203011	11	\N	\N	\N
74203012	12	\N	\N	\N
74203013	13	\N	\N	\N
74801001	1	\N	\N	\N
74801002	2	\N	\N	\N
74801003	3	\N	\N	\N
74801004	4	\N	\N	\N
74801005	5	\N	\N	\N
74801006	6	\N	\N	\N
74801007	7	\N	\N	\N
74801008	8	\N	\N	\N
74801009	9	\N	\N	\N
74801010	10	\N	\N	\N
74801011	11	\N	\N	\N
74801012	12	\N	\N	\N
74801013	13	\N	\N	\N
74801014	14	\N	\N	\N
74801015	15	\N	\N	\N
74801016	16	\N	\N	\N
74801017	17	\N	\N	\N
74801018	18	\N	\N	\N
74801019	19	\N	\N	\N
74801020	20	\N	\N	\N
74801021	21	\N	\N	\N
74801022	22	\N	\N	\N
74801023	23	\N	\N	\N
74801024	24	\N	\N	\N
74801025	25	\N	\N	\N
74801026	26	\N	\N	\N
74801027	27	\N	\N	\N
74801028	28	\N	\N	\N
74801029	29	\N	\N	\N
74801030	30	\N	\N	\N
74801031	31	\N	\N	\N
74801032	32	\N	\N	\N
74801033	33	\N	\N	\N
74801034	34	\N	\N	\N
74802001	1	\N	\N	\N
74802002	2	\N	\N	\N
74802003	3	\N	\N	\N
74802004	4	\N	\N	\N
74802005	5	\N	\N	\N
74802006	6	\N	\N	\N
74802007	7	\N	\N	\N
74802008	8	\N	\N	\N
74802009	9	\N	\N	\N
74802010	10	\N	\N	\N
74802011	11	\N	\N	\N
74802012	12	\N	\N	\N
74802013	13	\N	\N	\N
74802014	14	\N	\N	\N
74802015	15	\N	\N	\N
74802016	16	\N	\N	\N
74802017	17	\N	\N	\N
74802018	18	\N	\N	\N
74802019	19	\N	\N	\N
74802020	20	\N	\N	\N
74802021	21	\N	\N	\N
74802022	22	\N	\N	\N
74803001	1	\N	\N	\N
74803002	2	\N	\N	\N
74803003	3	\N	\N	\N
74803004	4	\N	\N	\N
74803005	5	\N	\N	\N
74803006	6	\N	\N	\N
74803007	7	\N	\N	\N
74803008	8	\N	\N	\N
74803009	9	\N	\N	\N
74803010	10	\N	\N	\N
74803011	11	\N	\N	\N
74803012	12	\N	\N	\N
74803013	13	\N	\N	\N
74803014	14	\N	\N	\N
74803015	15	\N	\N	\N
74803016	16	\N	\N	\N
74804001	1	\N	\N	\N
74804002	2	\N	\N	\N
74804003	3	\N	\N	\N
74804004	4	\N	\N	\N
74804005	5	\N	\N	\N
74804006	6	\N	\N	\N
74804007	7	\N	\N	\N
74804008	8	\N	\N	\N
74804009	9	\N	\N	\N
74804010	10	\N	\N	\N
74804011	11	\N	\N	\N
74804012	12	\N	\N	\N
74804013	13	\N	\N	\N
74804014	14	\N	\N	\N
74804015	15	\N	\N	\N
74804016	16	\N	\N	\N
74804017	17	\N	\N	\N
74804018	18	\N	\N	\N
74804019	19	\N	\N	\N
74804020	20	\N	\N	\N
74804021	21	\N	\N	\N
74804022	22	\N	\N	\N
74804023	23	\N	\N	\N
74804024	24	\N	\N	\N
74804025	25	\N	\N	\N
74804026	26	\N	\N	\N
74804027	27	\N	\N	\N
74804028	28	\N	\N	\N
79700001	1	\N	\N	\N
79700002	2	\N	\N	\N
79700003	3	\N	\N	\N
79700004	4	\N	\N	\N
79700005	5	\N	\N	\N
79700006	6	\N	\N	\N
79700007	7	\N	\N	\N
79700008	8	\N	\N	\N
79700009	9	\N	\N	\N
79700010	10	\N	\N	\N
79700011	11	\N	\N	\N
79700012	12	\N	\N	\N
79700013	13	\N	\N	\N
79700014	14	\N	\N	\N
79700015	15	\N	\N	\N
79700016	16	\N	\N	\N
79700017	17	\N	\N	\N
79700018	18	\N	\N	\N
79700019	19	\N	\N	\N
79700020	20	\N	\N	\N
79700021	21	\N	\N	\N
79700022	22	\N	\N	\N
79700023	23	\N	\N	\N
79700024	24	\N	\N	\N
79700025	25	\N	\N	\N
79700026	26	\N	\N	\N
79700027	27	\N	\N	\N
79700028	28	\N	\N	\N
79700029	29	\N	\N	\N
79700030	30	\N	\N	\N
79700031	31	\N	\N	\N
79700032	32	\N	\N	\N
79700033	33	\N	\N	\N
79700034	34	\N	\N	\N
79700035	35	\N	\N	\N
79700036	36	\N	\N	\N
79700037	37	\N	\N	\N
79700038	38	\N	\N	\N
79700039	39	\N	\N	\N
79700040	40	\N	\N	\N
79700041	41	\N	\N	\N
79700042	42	\N	\N	\N
79700043	43	\N	\N	\N
79700044	44	\N	\N	\N
79700045	45	\N	\N	\N
79700046	46	\N	\N	\N
79700047	47	\N	\N	\N
79700048	48	\N	\N	\N
79700049	49	\N	\N	\N
79700050	50	\N	\N	\N
79700051	51	\N	\N	\N
79700052	52	\N	\N	\N
79700053	53	\N	\N	\N
79700054	54	\N	\N	\N
79700055	55	\N	\N	\N
79700056	56	\N	\N	\N
79700057	57	\N	\N	\N
79700058	58	\N	\N	\N
79700059	59	\N	\N	\N
79700060	60	\N	\N	\N
79700061	61	\N	\N	\N
79700062	62	\N	\N	\N
79700063	63	\N	\N	\N
79700064	64	\N	\N	\N
79700065	65	\N	\N	\N
79700066	66	\N	\N	\N
79700067	67	\N	\N	\N
79700068	68	\N	\N	\N
79700069	69	\N	\N	\N
79700070	70	\N	\N	\N
79700071	71	\N	\N	\N
79700072	72	\N	\N	\N
79700073	73	\N	\N	\N
79700074	74	\N	\N	\N
79700075	75	\N	\N	\N
79700076	76	\N	\N	\N
79700077	77	\N	\N	\N
79700078	78	\N	\N	\N
79700079	79	\N	\N	\N
79700080	80	\N	\N	\N
79700081	81	\N	\N	\N
79700082	82	\N	\N	\N
79700083	83	\N	\N	\N
79700084	84	\N	\N	\N
79700085	85	\N	\N	\N
79700086	86	\N	\N	\N
79700087	87	\N	\N	\N
79700088	88	\N	\N	\N
79700089	89	\N	\N	\N
79700090	90	\N	\N	\N
79700091	91	\N	\N	\N
79700092	92	\N	\N	\N
79700093	93	\N	\N	\N
79700094	94	\N	\N	\N
79700095	95	\N	\N	\N
79700096	96	\N	\N	\N
79700097	97	\N	\N	\N
79700098	98	\N	\N	\N
79700099	99	\N	\N	\N
79700100	100	\N	\N	\N
79700101	101	\N	\N	\N
79800001	1	\N	\N	\N
79800002	2	\N	\N	\N
79800003	3	\N	\N	\N
79800004	4	\N	\N	\N
79800005	5	\N	\N	\N
79800006	6	\N	\N	\N
79800007	7	\N	\N	\N
79800008	8	\N	\N	\N
79800009	9	\N	\N	\N
79800010	10	\N	\N	\N
79800011	11	\N	\N	\N
79800012	12	\N	\N	\N
79800013	13	\N	\N	\N
79800014	14	\N	\N	\N
79800015	15	\N	\N	\N
79800016	16	\N	\N	\N
79800017	17	\N	\N	\N
79800018	18	\N	\N	\N
79800019	19	\N	\N	\N
79800020	20	\N	\N	\N
79800021	21	\N	\N	\N
79800022	22	\N	\N	\N
79800023	23	\N	\N	\N
79800024	24	\N	\N	\N
79800025	25	\N	\N	\N
79800026	26	\N	\N	\N
79800027	27	\N	\N	\N
79800028	28	\N	\N	\N
79800029	29	\N	\N	\N
79800030	30	\N	\N	\N
79800031	31	\N	\N	\N
79800032	32	\N	\N	\N
79800033	33	\N	\N	\N
79800034	34	\N	\N	\N
79800035	35	\N	\N	\N
79800036	36	\N	\N	\N
79800037	37	\N	\N	\N
79800038	38	\N	\N	\N
79800039	39	\N	\N	\N
79800040	40	\N	\N	\N
79800041	41	\N	\N	\N
79800042	42	\N	\N	\N
79800043	43	\N	\N	\N
79800044	44	\N	\N	\N
79800045	45	\N	\N	\N
79800046	46	\N	\N	\N
79800047	47	\N	\N	\N
79800048	48	\N	\N	\N
79800049	49	\N	\N	\N
79800050	50	\N	\N	\N
79800051	51	\N	\N	\N
79800052	52	\N	\N	\N
79800053	53	\N	\N	\N
79800054	54	\N	\N	\N
79800055	55	\N	\N	\N
79800056	56	\N	\N	\N
79800057	57	\N	\N	\N
79800058	58	\N	\N	\N
79800059	59	\N	\N	\N
79800060	60	\N	\N	\N
79800061	61	\N	\N	\N
79800062	62	\N	\N	\N
79800063	63	\N	\N	\N
79800064	64	\N	\N	\N
79800065	65	\N	\N	\N
79800066	66	\N	\N	\N
79800067	67	\N	\N	\N
79800068	68	\N	\N	\N
79800069	69	\N	\N	\N
79800070	70	\N	\N	\N
79800071	71	\N	\N	\N
79800072	72	\N	\N	\N
79800073	73	\N	\N	\N
79800074	74	\N	\N	\N
79800075	75	\N	\N	\N
79800076	76	\N	\N	\N
79800077	77	\N	\N	\N
79800078	78	\N	\N	\N
79800079	79	\N	\N	\N
79800080	80	\N	\N	\N
79800081	81	\N	\N	\N
79800082	82	\N	\N	\N
79800083	83	\N	\N	\N
79800084	84	\N	\N	\N
79800085	85	\N	\N	\N
79800086	86	\N	\N	\N
79800087	87	\N	\N	\N
79800088	88	\N	\N	\N
79800089	89	\N	\N	\N
79800090	90	\N	\N	\N
79800091	91	\N	\N	\N
79800092	92	\N	\N	\N
79800093	93	\N	\N	\N
79800094	94	\N	\N	\N
79800095	95	\N	\N	\N
79800096	96	\N	\N	\N
79800097	97	\N	\N	\N
79800098	98	\N	\N	\N
79800099	99	\N	\N	\N
79800100	100	\N	\N	\N
79800101	101	\N	\N	\N
79800102	102	\N	\N	\N
79800103	103	\N	\N	\N
79800104	104	\N	\N	\N
79800105	105	\N	\N	\N
79800106	106	\N	\N	\N
79800107	107	\N	\N	\N
79800108	108	\N	\N	\N
79800109	109	\N	\N	\N
79800110	110	\N	\N	\N
79800111	111	\N	\N	\N
79800112	112	\N	\N	\N
79800113	113	\N	\N	\N
79800114	114	\N	\N	\N
79800115	115	\N	\N	\N
79800116	116	\N	\N	\N
79800117	117	\N	\N	\N
79800118	118	\N	\N	\N
79800119	119	\N	\N	\N
79800120	120	\N	\N	\N
79800121	121	\N	\N	\N
79800122	122	\N	\N	\N
79800123	123	\N	\N	\N
79800124	124	\N	\N	\N
79800125	125	\N	\N	\N
79800126	126	\N	\N	\N
79800127	127	\N	\N	\N
79800128	128	\N	\N	\N
79800129	129	\N	\N	\N
79800130	130	\N	\N	\N
79900001	1	\N	\N	\N
79900002	2	\N	\N	\N
79900003	3	\N	\N	\N
79900004	4	\N	\N	\N
79900005	5	\N	\N	\N
79900006	6	\N	\N	\N
79900007	7	\N	\N	\N
79900008	8	\N	\N	\N
79900009	9	\N	\N	\N
79900010	10	\N	\N	\N
79900011	11	\N	\N	\N
79900012	12	\N	\N	\N
79900013	13	\N	\N	\N
79900014	14	\N	\N	\N
79900015	15	\N	\N	\N
79900016	16	\N	\N	\N
79900017	17	\N	\N	\N
79900018	18	\N	\N	\N
79900019	19	\N	\N	\N
79900020	20	\N	\N	\N
79900021	21	\N	\N	\N
79900022	22	\N	\N	\N
79900023	23	\N	\N	\N
79900024	24	\N	\N	\N
79900025	25	\N	\N	\N
79900026	26	\N	\N	\N
79900027	27	\N	\N	\N
79900028	28	\N	\N	\N
79900029	29	\N	\N	\N
79900030	30	\N	\N	\N
79900031	31	\N	\N	\N
79900032	32	\N	\N	\N
79900033	33	\N	\N	\N
79900034	34	\N	\N	\N
79900035	35	\N	\N	\N
79900036	36	\N	\N	\N
79900037	37	\N	\N	\N
79900038	38	\N	\N	\N
79900039	39	\N	\N	\N
79900040	40	\N	\N	\N
79900041	41	\N	\N	\N
79900042	42	\N	\N	\N
79900043	43	\N	\N	\N
79900044	44	\N	\N	\N
79900045	45	\N	\N	\N
79900046	46	\N	\N	\N
79900047	47	\N	\N	\N
79900048	48	\N	\N	\N
79900049	49	\N	\N	\N
79900050	50	\N	\N	\N
79900051	51	\N	\N	\N
79900052	52	\N	\N	\N
79900053	53	\N	\N	\N
79900054	54	\N	\N	\N
79900055	55	\N	\N	\N
79900056	56	\N	\N	\N
79900057	57	\N	\N	\N
79900058	58	\N	\N	\N
79900059	59	\N	\N	\N
79900060	60	\N	\N	\N
79900061	61	\N	\N	\N
79900062	62	\N	\N	\N
79900063	63	\N	\N	\N
79900064	64	\N	\N	\N
79900065	65	\N	\N	\N
79900066	66	\N	\N	\N
79900067	67	\N	\N	\N
79900068	68	\N	\N	\N
79900069	69	\N	\N	\N
79900070	70	\N	\N	\N
79900071	71	\N	\N	\N
79900072	72	\N	\N	\N
79900073	73	\N	\N	\N
79900074	74	\N	\N	\N
79900075	75	\N	\N	\N
79900076	76	\N	\N	\N
79900077	77	\N	\N	\N
79900078	78	\N	\N	\N
79900079	79	\N	\N	\N
79900080	80	\N	\N	\N
79900081	81	\N	\N	\N
79900082	82	\N	\N	\N
79900083	83	\N	\N	\N
79900084	84	\N	\N	\N
79900085	85	\N	\N	\N
79900086	86	\N	\N	\N
79900087	87	\N	\N	\N
79900088	88	\N	\N	\N
79900089	89	\N	\N	\N
79900090	90	\N	\N	\N
79900091	91	\N	\N	\N
79900092	92	\N	\N	\N
79900093	93	\N	\N	\N
79900094	94	\N	\N	\N
79900095	95	\N	\N	\N
79900096	96	\N	\N	\N
79900097	97	\N	\N	\N
79900098	98	\N	\N	\N
79900099	99	\N	\N	\N
79900100	100	\N	\N	\N
79900101	101	\N	\N	\N
79900102	102	\N	\N	\N
79900103	103	\N	\N	\N
79900104	104	\N	\N	\N
79900105	105	\N	\N	\N
52103001	1	\N	\N	\N
52103002	2	\N	\N	\N
52103003	3	\N	\N	\N
52103004	4	\N	\N	\N
52103005	5	\N	\N	\N
52103006	6	\N	\N	\N
52103007	7	\N	\N	\N
52103008	8	\N	\N	\N
52103009	9	\N	\N	\N
52103010	10	\N	\N	\N
52103011	11	\N	\N	\N
52103012	12	\N	\N	\N
52103013	13	\N	\N	\N
52103014	14	\N	\N	\N
52103015	15	\N	\N	\N
52103016	16	\N	\N	\N
52103017	17	\N	\N	\N
52103018	18	\N	\N	\N
52103019	19	\N	\N	\N
52104001	1	\N	\N	\N
52104002	2	\N	\N	\N
52104003	3	\N	\N	\N
52104004	4	\N	\N	\N
52104005	5	\N	\N	\N
52104006	6	\N	\N	\N
52104007	7	\N	\N	\N
52104008	8	\N	\N	\N
52104009	9	\N	\N	\N
52104010	10	\N	\N	\N
52105001	1	\N	\N	\N
52105002	2	\N	\N	\N
52105003	3	\N	\N	\N
52105004	4	\N	\N	\N
52105005	5	\N	\N	\N
52105006	6	\N	\N	\N
52106001	1	\N	\N	\N
52106002	2	\N	\N	\N
52106003	3	\N	\N	\N
52106004	4	\N	\N	\N
52106005	5	\N	\N	\N
52106006	6	\N	\N	\N
52106007	7	\N	\N	\N
52106008	8	\N	\N	\N
52106009	9	\N	\N	\N
52106010	10	\N	\N	\N
52106011	11	\N	\N	\N
52106012	12	\N	\N	\N
52106013	13	\N	\N	\N
52106014	14	\N	\N	\N
52106015	15	\N	\N	\N
52106016	16	\N	\N	\N
52106017	17	\N	\N	\N
52106018	18	\N	\N	\N
52106019	19	\N	\N	\N
52106020	20	\N	\N	\N
52106021	21	\N	\N	\N
52106022	22	\N	\N	\N
52106023	23	\N	\N	\N
52106024	24	\N	\N	\N
52106025	25	\N	\N	\N
52106026	26	\N	\N	\N
52106027	27	\N	\N	\N
52106028	28	\N	\N	\N
52106029	29	\N	\N	\N
52101001	1	\N	\N	\N
52101002	2	\N	\N	\N
52101003	3	\N	\N	\N
52101004	4	\N	\N	\N
52101005	5	\N	\N	\N
52101006	6	\N	\N	\N
52101007	7	\N	\N	\N
52101008	8	\N	\N	\N
52101009	9	\N	\N	\N
52101010	10	\N	\N	\N
52102001	1	\N	\N	\N
52102002	2	\N	\N	\N
52102003	3	\N	\N	\N
52102004	4	\N	\N	\N
52102005	5	\N	\N	\N
52102006	6	\N	\N	\N
52102007	7	\N	\N	\N
52102008	8	\N	\N	\N
52102009	9	\N	\N	\N
52102010	10	\N	\N	\N
52201001	1	\N	\N	\N
52201002	2	\N	\N	\N
52201003	3	\N	\N	\N
52201004	4	\N	\N	\N
52201005	5	\N	\N	\N
52201006	6	\N	\N	\N
52201007	7	\N	\N	\N
52201008	8	\N	\N	\N
52201009	9	\N	\N	\N
52201010	10	\N	\N	\N
52201011	11	\N	\N	\N
52201012	12	\N	\N	\N
52201013	13	\N	\N	\N
52202001	1	\N	\N	\N
52202002	2	\N	\N	\N
52202003	3	\N	\N	\N
52202004	4	\N	\N	\N
52202005	5	\N	\N	\N
52202006	6	\N	\N	\N
52202007	7	\N	\N	\N
52202008	8	\N	\N	\N
52202009	9	\N	\N	\N
52202010	10	\N	\N	\N
52202011	11	\N	\N	\N
52202012	12	\N	\N	\N
52203001	1	\N	\N	\N
52203002	2	\N	\N	\N
52203003	3	\N	\N	\N
52203004	4	\N	\N	\N
52204001	1	\N	\N	\N
52204002	2	\N	\N	\N
52204003	3	\N	\N	\N
52204004	4	\N	\N	\N
52205001	1	\N	\N	\N
52205002	2	\N	\N	\N
52205003	3	\N	\N	\N
52205004	4	\N	\N	\N
52205005	5	\N	\N	\N
52205006	6	\N	\N	\N
52205007	7	\N	\N	\N
52205008	8	\N	\N	\N
52205009	9	\N	\N	\N
52205010	10	\N	\N	\N
52205011	11	\N	\N	\N
52205012	12	\N	\N	\N
52205013	13	\N	\N	\N
52205014	14	\N	\N	\N
52205015	15	\N	\N	\N
52205016	16	\N	\N	\N
52205017	17	\N	\N	\N
52205018	18	\N	\N	\N
52205019	19	\N	\N	\N
52205020	20	\N	\N	\N
52205021	21	\N	\N	\N
52205022	22	\N	\N	\N
52205023	23	\N	\N	\N
52205024	24	\N	\N	\N
52205025	25	\N	\N	\N
52205026	26	\N	\N	\N
52205027	27	\N	\N	\N
52205028	28	\N	\N	\N
52205029	29	\N	\N	\N
52205030	30	\N	\N	\N
52205031	31	\N	\N	\N
52205032	32	\N	\N	\N
52205033	33	\N	\N	\N
52205034	34	\N	\N	\N
52205035	35	\N	\N	\N
52205036	36	\N	\N	\N
52205037	37	\N	\N	\N
52206001	1	\N	\N	\N
52206002	2	\N	\N	\N
52206003	3	\N	\N	\N
52206004	4	\N	\N	\N
52206005	5	\N	\N	\N
52206006	6	\N	\N	\N
52206007	7	\N	\N	\N
52207001	1	\N	\N	\N
52207002	2	\N	\N	\N
52207003	3	\N	\N	\N
52207004	4	\N	\N	\N
52207005	5	\N	\N	\N
52207006	6	\N	\N	\N
52207007	7	\N	\N	\N
52302001	1	\N	\N	\N
52302002	2	\N	\N	\N
52302003	3	\N	\N	\N
52302004	4	\N	\N	\N
52302005	5	\N	\N	\N
52302006	6	\N	\N	\N
52302007	7	\N	\N	\N
52302008	8	\N	\N	\N
52302009	9	\N	\N	\N
52302010	10	\N	\N	\N
52302011	11	\N	\N	\N
52302012	12	\N	\N	\N
52302013	13	\N	\N	\N
52302014	14	\N	\N	\N
52302015	15	\N	\N	\N
52302016	16	\N	\N	\N
52302017	17	\N	\N	\N
52302018	18	\N	\N	\N
52302019	19	\N	\N	\N
52302020	20	\N	\N	\N
52302021	21	\N	\N	\N
52302022	22	\N	\N	\N
52302023	23	\N	\N	\N
52302024	24	\N	\N	\N
52302025	25	\N	\N	\N
52302026	26	\N	\N	\N
52302027	27	\N	\N	\N
52303001	1	\N	\N	\N
52303002	2	\N	\N	\N
52303003	3	\N	\N	\N
52303004	4	\N	\N	\N
52303005	5	\N	\N	\N
52303006	6	\N	\N	\N
52303007	7	\N	\N	\N
52303008	8	\N	\N	\N
52303009	9	\N	\N	\N
52303010	10	\N	\N	\N
52304001	1	\N	\N	\N
52304002	2	\N	\N	\N
52304003	3	\N	\N	\N
52304004	4	\N	\N	\N
52304005	5	\N	\N	\N
52304006	6	\N	\N	\N
52304007	7	\N	\N	\N
52304008	8	\N	\N	\N
52304009	9	\N	\N	\N
52305001	1	\N	\N	\N
52305002	2	\N	\N	\N
52305003	3	\N	\N	\N
52305004	4	\N	\N	\N
52305005	5	\N	\N	\N
52305006	6	\N	\N	\N
52305007	7	\N	\N	\N
52305008	8	\N	\N	\N
52305009	9	\N	\N	\N
52305010	10	\N	\N	\N
52305011	11	\N	\N	\N
52305012	12	\N	\N	\N
52305013	13	\N	\N	\N
52305014	14	\N	\N	\N
52306001	1	\N	\N	\N
52306002	2	\N	\N	\N
52306003	3	\N	\N	\N
52306004	4	\N	\N	\N
52306005	5	\N	\N	\N
52306006	6	\N	\N	\N
52306007	7	\N	\N	\N
52306008	8	\N	\N	\N
52306009	9	\N	\N	\N
52306010	10	\N	\N	\N
52306011	11	\N	\N	\N
52306012	12	\N	\N	\N
52306013	13	\N	\N	\N
52701001	1	\N	\N	\N
52701002	2	\N	\N	\N
52701003	3	\N	\N	\N
52701004	4	\N	\N	\N
52701005	5	\N	\N	\N
52701006	6	\N	\N	\N
52701007	7	\N	\N	\N
52701008	8	\N	\N	\N
52701009	9	\N	\N	\N
52701010	10	\N	\N	\N
52701011	11	\N	\N	\N
52701012	12	\N	\N	\N
52701013	13	\N	\N	\N
52701014	14	\N	\N	\N
52701015	15	\N	\N	\N
52701016	16	\N	\N	\N
52701017	17	\N	\N	\N
52702001	1	\N	\N	\N
52702002	2	\N	\N	\N
52702003	3	\N	\N	\N
52702004	4	\N	\N	\N
52702005	5	\N	\N	\N
52702006	6	\N	\N	\N
52702007	7	\N	\N	\N
52702008	8	\N	\N	\N
52702009	9	\N	\N	\N
52702010	10	\N	\N	\N
52702011	11	\N	\N	\N
52702012	12	\N	\N	\N
52702013	13	\N	\N	\N
52702014	14	\N	\N	\N
52702015	15	\N	\N	\N
52702016	16	\N	\N	\N
52702017	17	\N	\N	\N
52702018	18	\N	\N	\N
52702019	19	\N	\N	\N
52702020	20	\N	\N	\N
52703001	1	\N	\N	\N
52703002	2	\N	\N	\N
52703003	3	\N	\N	\N
52703004	4	\N	\N	\N
52704001	1	\N	\N	\N
52704002	2	\N	\N	\N
52704003	3	\N	\N	\N
52704004	4	\N	\N	\N
52704005	5	\N	\N	\N
52704006	6	\N	\N	\N
52704007	7	\N	\N	\N
52704008	8	\N	\N	\N
52705001	1	\N	\N	\N
52705002	2	\N	\N	\N
52705003	3	\N	\N	\N
52705004	4	\N	\N	\N
52705005	5	\N	\N	\N
52705006	6	\N	\N	\N
52705007	7	\N	\N	\N
52705008	8	\N	\N	\N
52705009	9	\N	\N	\N
52705010	10	\N	\N	\N
52705011	11	\N	\N	\N
52705012	12	\N	\N	\N
52705013	13	\N	\N	\N
52705014	14	\N	\N	\N
52705015	15	\N	\N	\N
52705016	16	\N	\N	\N
52705017	17	\N	\N	\N
52705018	18	\N	\N	\N
52705019	19	\N	\N	\N
52802001	1	\N	\N	\N
52802002	2	\N	\N	\N
52802003	3	\N	\N	\N
52802004	4	\N	\N	\N
52802005	5	\N	\N	\N
52802006	6	\N	\N	\N
52802007	7	\N	\N	\N
52802008	8	\N	\N	\N
52802009	9	\N	\N	\N
52802010	10	\N	\N	\N
52802011	11	\N	\N	\N
52802012	12	\N	\N	\N
52802013	13	\N	\N	\N
52802014	14	\N	\N	\N
52802015	15	\N	\N	\N
52802016	16	\N	\N	\N
52802017	17	\N	\N	\N
52802018	18	\N	\N	\N
52802019	19	\N	\N	\N
52802020	20	\N	\N	\N
52802021	21	\N	\N	\N
52802022	22	\N	\N	\N
52802023	23	\N	\N	\N
52802024	24	\N	\N	\N
52802025	25	\N	\N	\N
52802026	26	\N	\N	\N
52802027	27	\N	\N	\N
52802028	28	\N	\N	\N
52802029	29	\N	\N	\N
52802030	30	\N	\N	\N
52806001	1	\N	\N	\N
52806002	2	\N	\N	\N
52806003	3	\N	\N	\N
52806004	4	\N	\N	\N
52806005	5	\N	\N	\N
52806006	6	\N	\N	\N
52806007	7	\N	\N	\N
52806008	8	\N	\N	\N
52806009	9	\N	\N	\N
52806010	10	\N	\N	\N
52806011	11	\N	\N	\N
52806012	12	\N	\N	\N
52806013	13	\N	\N	\N
52806014	14	\N	\N	\N
52801001	1	\N	\N	\N
52801002	2	\N	\N	\N
52801003	3	\N	\N	\N
52801004	4	\N	\N	\N
52801005	5	\N	\N	\N
52801006	6	\N	\N	\N
52801007	7	\N	\N	\N
52801008	8	\N	\N	\N
52801009	9	\N	\N	\N
52801010	10	\N	\N	\N
52801011	11	\N	\N	\N
52801012	12	\N	\N	\N
52801013	13	\N	\N	\N
52801014	14	\N	\N	\N
52801015	15	\N	\N	\N
52803001	1	\N	\N	\N
52803002	2	\N	\N	\N
52803003	3	\N	\N	\N
52803004	4	\N	\N	\N
52803005	5	\N	\N	\N
52803006	6	\N	\N	\N
52803007	7	\N	\N	\N
52803008	8	\N	\N	\N
52804001	1	\N	\N	\N
52804002	2	\N	\N	\N
52804003	3	\N	\N	\N
52804004	4	\N	\N	\N
52804005	5	\N	\N	\N
52804006	6	\N	\N	\N
52804007	7	\N	\N	\N
52804008	8	\N	\N	\N
52804009	9	\N	\N	\N
52804010	10	\N	\N	\N
52804011	11	\N	\N	\N
52804012	12	\N	\N	\N
52804013	13	\N	\N	\N
52804014	14	\N	\N	\N
52804015	15	\N	\N	\N
52804016	16	\N	\N	\N
52804017	17	\N	\N	\N
52804018	18	\N	\N	\N
52804019	19	\N	\N	\N
52804020	20	\N	\N	\N
52804021	21	\N	\N	\N
52804022	22	\N	\N	\N
52804023	23	\N	\N	\N
52804024	24	\N	\N	\N
52804025	25	\N	\N	\N
52804026	26	\N	\N	\N
52805001	1	\N	\N	\N
52805002	2	\N	\N	\N
52805003	3	\N	\N	\N
52805004	4	\N	\N	\N
52805005	5	\N	\N	\N
52805006	6	\N	\N	\N
54301001	1	\N	\N	\N
54301002	2	\N	\N	\N
54301003	3	\N	\N	\N
54301004	4	\N	\N	\N
54301005	5	\N	\N	\N
54301006	6	\N	\N	\N
54301007	7	\N	\N	\N
54301008	8	\N	\N	\N
54301009	9	\N	\N	\N
54301010	10	\N	\N	\N
54301011	11	\N	\N	\N
54302001	1	\N	\N	\N
54302002	2	\N	\N	\N
54302003	3	\N	\N	\N
54302004	4	\N	\N	\N
54303001	1	\N	\N	\N
54303002	2	\N	\N	\N
54303003	3	\N	\N	\N
54303004	4	\N	\N	\N
54303005	5	\N	\N	\N
54303006	6	\N	\N	\N
54303007	7	\N	\N	\N
54303008	8	\N	\N	\N
54304001	1	\N	\N	\N
54304002	2	\N	\N	\N
54304003	3	\N	\N	\N
54304004	4	\N	\N	\N
54304005	5	\N	\N	\N
54304006	6	\N	\N	\N
54304007	7	\N	\N	\N
54304008	8	\N	\N	\N
54304009	9	\N	\N	\N
54304010	10	\N	\N	\N
54304011	11	\N	\N	\N
54304012	12	\N	\N	\N
54305001	1	\N	\N	\N
54305002	2	\N	\N	\N
54305003	3	\N	\N	\N
54305004	4	\N	\N	\N
54305005	5	\N	\N	\N
54305006	6	\N	\N	\N
54305007	7	\N	\N	\N
54305008	8	\N	\N	\N
54305009	9	\N	\N	\N
54305010	10	\N	\N	\N
54305011	11	\N	\N	\N
54305012	12	\N	\N	\N
54305013	13	\N	\N	\N
54305014	14	\N	\N	\N
54305015	15	\N	\N	\N
54305016	16	\N	\N	\N
54305017	17	\N	\N	\N
54305018	18	\N	\N	\N
54305019	19	\N	\N	\N
54305020	20	\N	\N	\N
52401001	1	\N	\N	\N
52401002	2	\N	\N	\N
52401003	3	\N	\N	\N
52401004	4	\N	\N	\N
52401005	5	\N	\N	\N
52401006	6	\N	\N	\N
52402001	1	\N	\N	\N
52402002	2	\N	\N	\N
52402003	3	\N	\N	\N
52402004	4	\N	\N	\N
52402005	5	\N	\N	\N
52402006	6	\N	\N	\N
52402007	7	\N	\N	\N
52402008	8	\N	\N	\N
52402009	9	\N	\N	\N
52402010	10	\N	\N	\N
52402011	11	\N	\N	\N
52402012	12	\N	\N	\N
52402013	13	\N	\N	\N
52402014	14	\N	\N	\N
52402015	15	\N	\N	\N
52402016	16	\N	\N	\N
52402017	17	\N	\N	\N
52404001	1	\N	\N	\N
52404002	2	\N	\N	\N
52404003	3	\N	\N	\N
52404004	4	\N	\N	\N
52404005	5	\N	\N	\N
52404006	6	\N	\N	\N
52404007	7	\N	\N	\N
52404008	8	\N	\N	\N
52404009	9	\N	\N	\N
52404010	10	\N	\N	\N
52404011	11	\N	\N	\N
52404012	12	\N	\N	\N
52404013	13	\N	\N	\N
52404014	14	\N	\N	\N
52404015	15	\N	\N	\N
52404016	16	\N	\N	\N
52404017	17	\N	\N	\N
52404018	18	\N	\N	\N
52404019	19	\N	\N	\N
52405001	1	\N	\N	\N
52405002	2	\N	\N	\N
52405003	3	\N	\N	\N
52405004	4	\N	\N	\N
52405005	5	\N	\N	\N
52405006	6	\N	\N	\N
52405007	7	\N	\N	\N
52405008	8	\N	\N	\N
52405009	9	\N	\N	\N
52405010	10	\N	\N	\N
52405011	11	\N	\N	\N
52502001	1	\N	\N	\N
52502002	2	\N	\N	\N
52502003	3	\N	\N	\N
52502004	4	\N	\N	\N
52502005	5	\N	\N	\N
52502006	6	\N	\N	\N
52502007	7	\N	\N	\N
52502008	8	\N	\N	\N
52502009	9	\N	\N	\N
52502010	10	\N	\N	\N
52502011	11	\N	\N	\N
52502012	12	\N	\N	\N
52502013	13	\N	\N	\N
52502014	14	\N	\N	\N
52502015	15	\N	\N	\N
52502016	16	\N	\N	\N
52502017	17	\N	\N	\N
52502018	18	\N	\N	\N
52502019	19	\N	\N	\N
52502020	20	\N	\N	\N
52502021	21	\N	\N	\N
52502022	22	\N	\N	\N
52502023	23	\N	\N	\N
52502024	24	\N	\N	\N
52502025	25	\N	\N	\N
52502026	26	\N	\N	\N
52502027	27	\N	\N	\N
52502028	28	\N	\N	\N
52502029	29	\N	\N	\N
52502030	30	\N	\N	\N
52502031	31	\N	\N	\N
52503001	1	\N	\N	\N
52503002	2	\N	\N	\N
52503003	3	\N	\N	\N
52503004	4	\N	\N	\N
52504001	1	\N	\N	\N
52504002	2	\N	\N	\N
52504003	3	\N	\N	\N
52504004	4	\N	\N	\N
52504005	5	\N	\N	\N
52504006	6	\N	\N	\N
52504007	7	\N	\N	\N
52504008	8	\N	\N	\N
52504009	9	\N	\N	\N
52504010	10	\N	\N	\N
52504011	11	\N	\N	\N
52603001	1	\N	\N	\N
52603002	2	\N	\N	\N
52603003	3	\N	\N	\N
52603004	4	\N	\N	\N
52603005	5	\N	\N	\N
52603006	6	\N	\N	\N
52603007	7	\N	\N	\N
52603008	8	\N	\N	\N
52603009	9	\N	\N	\N
52603010	10	\N	\N	\N
52603011	11	\N	\N	\N
52603012	12	\N	\N	\N
52603013	13	\N	\N	\N
52603014	14	\N	\N	\N
52603015	15	\N	\N	\N
52603016	16	\N	\N	\N
52603017	17	\N	\N	\N
52603018	18	\N	\N	\N
52603019	19	\N	\N	\N
52603020	20	\N	\N	\N
52603021	21	\N	\N	\N
52603022	22	\N	\N	\N
52601001	1	\N	\N	\N
52601002	2	\N	\N	\N
52601003	3	\N	\N	\N
52601004	4	\N	\N	\N
52601005	5	\N	\N	\N
52601006	6	\N	\N	\N
52601007	7	\N	\N	\N
52601008	8	\N	\N	\N
52602001	1	\N	\N	\N
52602002	2	\N	\N	\N
52602003	3	\N	\N	\N
52602004	4	\N	\N	\N
52602005	5	\N	\N	\N
52602006	6	\N	\N	\N
52602007	7	\N	\N	\N
52602008	8	\N	\N	\N
52602009	9	\N	\N	\N
52602010	10	\N	\N	\N
52602011	11	\N	\N	\N
52602012	12	\N	\N	\N
52602013	13	\N	\N	\N
52602014	14	\N	\N	\N
52605001	1	\N	\N	\N
52605002	2	\N	\N	\N
52605003	3	\N	\N	\N
52605004	4	\N	\N	\N
52605005	5	\N	\N	\N
52605006	6	\N	\N	\N
52605007	7	\N	\N	\N
52605008	8	\N	\N	\N
52605009	9	\N	\N	\N
52605010	10	\N	\N	\N
52605011	11	\N	\N	\N
52605012	12	\N	\N	\N
52605013	13	\N	\N	\N
52605014	14	\N	\N	\N
52605015	15	\N	\N	\N
52605016	16	\N	\N	\N
52605017	17	\N	\N	\N
52605018	18	\N	\N	\N
52605019	19	\N	\N	\N
52605020	20	\N	\N	\N
52605021	21	\N	\N	\N
52606001	1	\N	\N	\N
52606002	2	\N	\N	\N
52606003	3	\N	\N	\N
52606004	4	\N	\N	\N
52606005	5	\N	\N	\N
52606006	6	\N	\N	\N
52606007	7	\N	\N	\N
52606008	8	\N	\N	\N
52606009	9	\N	\N	\N
52606010	10	\N	\N	\N
52606011	11	\N	\N	\N
52606012	12	\N	\N	\N
52606013	13	\N	\N	\N
52606014	14	\N	\N	\N
52606015	15	\N	\N	\N
52606016	16	\N	\N	\N
52606017	17	\N	\N	\N
52606018	18	\N	\N	\N
52606019	19	\N	\N	\N
52606020	20	\N	\N	\N
52606021	21	\N	\N	\N
52606022	22	\N	\N	\N
52606023	23	\N	\N	\N
52606024	24	\N	\N	\N
52904001	1	\N	\N	\N
52904002	2	\N	\N	\N
52904003	3	\N	\N	\N
52904004	4	\N	\N	\N
52904005	5	\N	\N	\N
52904006	6	\N	\N	\N
52904007	7	\N	\N	\N
52904008	8	\N	\N	\N
52904009	9	\N	\N	\N
52904010	10	\N	\N	\N
52904011	11	\N	\N	\N
52901001	1	\N	\N	\N
52901002	2	\N	\N	\N
52901003	3	\N	\N	\N
52901004	4	\N	\N	\N
52901005	5	\N	\N	\N
52901006	6	\N	\N	\N
52901007	7	\N	\N	\N
52901008	8	\N	\N	\N
52901009	9	\N	\N	\N
52901010	10	\N	\N	\N
52901011	11	\N	\N	\N
52901012	12	\N	\N	\N
52901013	13	\N	\N	\N
52901014	14	\N	\N	\N
52901015	15	\N	\N	\N
52901016	16	\N	\N	\N
52901017	17	\N	\N	\N
52902001	1	\N	\N	\N
52902002	2	\N	\N	\N
52902003	3	\N	\N	\N
52902004	4	\N	\N	\N
52902005	5	\N	\N	\N
52902006	6	\N	\N	\N
52902007	7	\N	\N	\N
52902008	8	\N	\N	\N
52902009	9	\N	\N	\N
52902010	10	\N	\N	\N
52902011	11	\N	\N	\N
52902012	12	\N	\N	\N
52902013	13	\N	\N	\N
52902014	14	\N	\N	\N
52902015	15	\N	\N	\N
52902016	16	\N	\N	\N
52902017	17	\N	\N	\N
52902018	18	\N	\N	\N
52902019	19	\N	\N	\N
52902020	20	\N	\N	\N
52902021	21	\N	\N	\N
52902022	22	\N	\N	\N
52902023	23	\N	\N	\N
52902024	24	\N	\N	\N
52902025	25	\N	\N	\N
52902026	26	\N	\N	\N
52902027	27	\N	\N	\N
52903001	1	\N	\N	\N
52903002	2	\N	\N	\N
52903003	3	\N	\N	\N
52903004	4	\N	\N	\N
52903005	5	\N	\N	\N
52903006	6	\N	\N	\N
52903007	7	\N	\N	\N
52903008	8	\N	\N	\N
52903009	9	\N	\N	\N
52903010	10	\N	\N	\N
52903011	11	\N	\N	\N
52903012	12	\N	\N	\N
52903013	13	\N	\N	\N
52903014	14	\N	\N	\N
52903015	15	\N	\N	\N
52903016	16	\N	\N	\N
52903017	17	\N	\N	\N
52903018	18	\N	\N	\N
52903019	19	\N	\N	\N
59500001	1	\N	\N	\N
59500002	2	\N	\N	\N
59500003	3	\N	\N	\N
59500004	4	\N	\N	\N
59500005	5	\N	\N	\N
59500006	6	\N	\N	\N
59500007	7	\N	\N	\N
59500008	8	\N	\N	\N
59500009	9	\N	\N	\N
59500010	10	\N	\N	\N
59500011	11	\N	\N	\N
59500012	12	\N	\N	\N
59500013	13	\N	\N	\N
59500014	14	\N	\N	\N
59500015	15	\N	\N	\N
59500016	16	\N	\N	\N
59500017	17	\N	\N	\N
59500018	18	\N	\N	\N
59500019	19	\N	\N	\N
59500020	20	\N	\N	\N
59500021	21	\N	\N	\N
59500022	22	\N	\N	\N
59500023	23	\N	\N	\N
59500024	24	\N	\N	\N
59500025	25	\N	\N	\N
59500026	26	\N	\N	\N
59500027	27	\N	\N	\N
59500028	28	\N	\N	\N
59500029	29	\N	\N	\N
59500030	30	\N	\N	\N
59500031	31	\N	\N	\N
59500032	32	\N	\N	\N
59500033	33	\N	\N	\N
59500034	34	\N	\N	\N
59500035	35	\N	\N	\N
59500036	36	\N	\N	\N
59500037	37	\N	\N	\N
59500038	38	\N	\N	\N
59500039	39	\N	\N	\N
59500040	40	\N	\N	\N
59500041	41	\N	\N	\N
59500042	42	\N	\N	\N
59500043	43	\N	\N	\N
59500044	44	\N	\N	\N
59500045	45	\N	\N	\N
59500046	46	\N	\N	\N
59500047	47	\N	\N	\N
59500048	48	\N	\N	\N
59500049	49	\N	\N	\N
59500050	50	\N	\N	\N
59500051	51	\N	\N	\N
59500052	52	\N	\N	\N
59500053	53	\N	\N	\N
59500054	54	\N	\N	\N
59500055	55	\N	\N	\N
59500056	56	\N	\N	\N
59500057	57	\N	\N	\N
59500058	58	\N	\N	\N
59500059	59	\N	\N	\N
59500060	60	\N	\N	\N
59500061	61	\N	\N	\N
59500062	62	\N	\N	\N
59500063	63	\N	\N	\N
59500064	64	\N	\N	\N
59500065	65	\N	\N	\N
59500066	66	\N	\N	\N
59500067	67	\N	\N	\N
59500068	68	\N	\N	\N
59500069	69	\N	\N	\N
59500070	70	\N	\N	\N
59500071	71	\N	\N	\N
59500072	72	\N	\N	\N
59500073	73	\N	\N	\N
59500074	74	\N	\N	\N
59500075	75	\N	\N	\N
59500076	76	\N	\N	\N
59500077	77	\N	\N	\N
59500078	78	\N	\N	\N
59500079	79	\N	\N	\N
59500080	80	\N	\N	\N
59500081	81	\N	\N	\N
59500082	82	\N	\N	\N
59500083	83	\N	\N	\N
59500084	84	\N	\N	\N
59500085	85	\N	\N	\N
59500086	86	\N	\N	\N
59500087	87	\N	\N	\N
59500088	88	\N	\N	\N
59500089	89	\N	\N	\N
59500090	90	\N	\N	\N
59500091	91	\N	\N	\N
59500092	92	\N	\N	\N
59500093	93	\N	\N	\N
59500094	94	\N	\N	\N
59500095	95	\N	\N	\N
59500096	96	\N	\N	\N
59500097	97	\N	\N	\N
59500098	98	\N	\N	\N
59500099	99	\N	\N	\N
59500100	100	\N	\N	\N
59500101	101	\N	\N	\N
59500102	102	\N	\N	\N
59500103	103	\N	\N	\N
93301001	1	\N	\N	\N
93301002	2	\N	\N	\N
93301003	3	\N	\N	\N
93301004	4	\N	\N	\N
93301005	5	\N	\N	\N
93301006	6	\N	\N	\N
93301007	7	\N	\N	\N
93301008	8	\N	\N	\N
93301009	9	\N	\N	\N
93301010	10	\N	\N	\N
93301011	11	\N	\N	\N
93301012	12	\N	\N	\N
93301013	13	\N	\N	\N
93301014	14	\N	\N	\N
93301015	15	\N	\N	\N
93301016	16	\N	\N	\N
93301017	17	\N	\N	\N
93301018	18	\N	\N	\N
93301019	19	\N	\N	\N
93301020	20	\N	\N	\N
93301021	21	\N	\N	\N
93301022	22	\N	\N	\N
93301023	23	\N	\N	\N
93301024	24	\N	\N	\N
93301025	25	\N	\N	\N
93301026	26	\N	\N	\N
93301027	27	\N	\N	\N
93301028	28	\N	\N	\N
93301029	29	\N	\N	\N
93301030	30	\N	\N	\N
93302001	1	\N	\N	\N
93302002	2	\N	\N	\N
93302003	3	\N	\N	\N
93302004	4	\N	\N	\N
93302005	5	\N	\N	\N
93302006	6	\N	\N	\N
93302007	7	\N	\N	\N
93302008	8	\N	\N	\N
93302009	9	\N	\N	\N
93302010	10	\N	\N	\N
93302011	11	\N	\N	\N
93302012	12	\N	\N	\N
93302013	13	\N	\N	\N
93302014	14	\N	\N	\N
93302015	15	\N	\N	\N
93302016	16	\N	\N	\N
93302017	17	\N	\N	\N
93302018	18	\N	\N	\N
93302019	19	\N	\N	\N
93302020	20	\N	\N	\N
93302021	21	\N	\N	\N
93302022	22	\N	\N	\N
93302023	23	\N	\N	\N
93302024	24	\N	\N	\N
93302025	25	\N	\N	\N
93302026	26	\N	\N	\N
93302027	27	\N	\N	\N
93302028	28	\N	\N	\N
93302029	29	\N	\N	\N
93303001	1	\N	\N	\N
93303002	2	\N	\N	\N
93303003	3	\N	\N	\N
93303004	4	\N	\N	\N
93303005	5	\N	\N	\N
93303006	6	\N	\N	\N
93303007	7	\N	\N	\N
93303008	8	\N	\N	\N
93303009	9	\N	\N	\N
93303010	10	\N	\N	\N
93303011	11	\N	\N	\N
93303012	12	\N	\N	\N
93303013	13	\N	\N	\N
93303014	14	\N	\N	\N
93303015	15	\N	\N	\N
93303016	16	\N	\N	\N
93303017	17	\N	\N	\N
93303018	18	\N	\N	\N
93303019	19	\N	\N	\N
93303020	20	\N	\N	\N
93303021	21	\N	\N	\N
93303022	22	\N	\N	\N
93303023	23	\N	\N	\N
93303024	24	\N	\N	\N
93303025	25	\N	\N	\N
93303026	26	\N	\N	\N
93303027	27	\N	\N	\N
93303028	28	\N	\N	\N
93303029	29	\N	\N	\N
93303030	30	\N	\N	\N
93303031	31	\N	\N	\N
93303032	32	\N	\N	\N
93303033	33	\N	\N	\N
93303034	34	\N	\N	\N
93304001	1	\N	\N	\N
93304002	2	\N	\N	\N
93304003	3	\N	\N	\N
93304004	4	\N	\N	\N
93304005	5	\N	\N	\N
93304006	6	\N	\N	\N
93304007	7	\N	\N	\N
93304008	8	\N	\N	\N
93304009	9	\N	\N	\N
93304010	10	\N	\N	\N
93304011	11	\N	\N	\N
93304012	12	\N	\N	\N
93304013	13	\N	\N	\N
93304014	14	\N	\N	\N
93304015	15	\N	\N	\N
93304016	16	\N	\N	\N
93304017	17	\N	\N	\N
93304018	18	\N	\N	\N
93305001	1	\N	\N	\N
93305002	2	\N	\N	\N
93305003	3	\N	\N	\N
93305004	4	\N	\N	\N
93305005	5	\N	\N	\N
93305006	6	\N	\N	\N
93305007	7	\N	\N	\N
93305008	8	\N	\N	\N
93305009	9	\N	\N	\N
93305010	10	\N	\N	\N
93305011	11	\N	\N	\N
93305012	12	\N	\N	\N
93305013	13	\N	\N	\N
93305014	14	\N	\N	\N
93402001	1	\N	\N	\N
93402002	2	\N	\N	\N
93402003	3	\N	\N	\N
93402004	4	\N	\N	\N
93402005	5	\N	\N	\N
93402006	6	\N	\N	\N
93402007	7	\N	\N	\N
93402008	8	\N	\N	\N
93402009	9	\N	\N	\N
93402010	10	\N	\N	\N
93402011	11	\N	\N	\N
93402012	12	\N	\N	\N
93402013	13	\N	\N	\N
93403001	1	\N	\N	\N
93403002	2	\N	\N	\N
93403003	3	\N	\N	\N
93403004	4	\N	\N	\N
93403005	5	\N	\N	\N
93403006	6	\N	\N	\N
93403007	7	\N	\N	\N
93403008	8	\N	\N	\N
93403009	9	\N	\N	\N
93403010	10	\N	\N	\N
93403011	11	\N	\N	\N
93403012	12	\N	\N	\N
93403013	13	\N	\N	\N
93403014	14	\N	\N	\N
93403015	15	\N	\N	\N
93403016	16	\N	\N	\N
93403017	17	\N	\N	\N
93403018	18	\N	\N	\N
93403019	19	\N	\N	\N
93403020	20	\N	\N	\N
93403021	21	\N	\N	\N
93403022	22	\N	\N	\N
93403023	23	\N	\N	\N
93403024	24	\N	\N	\N
93403025	25	\N	\N	\N
93403026	26	\N	\N	\N
93403027	27	\N	\N	\N
93403028	28	\N	\N	\N
93403029	29	\N	\N	\N
93403030	30	\N	\N	\N
93403031	31	\N	\N	\N
93403032	32	\N	\N	\N
93403033	33	\N	\N	\N
93403034	34	\N	\N	\N
93403035	35	\N	\N	\N
93403036	36	\N	\N	\N
93403037	37	\N	\N	\N
93403038	38	\N	\N	\N
93403039	39	\N	\N	\N
93403040	40	\N	\N	\N
93401001	1	\N	\N	\N
93401002	2	\N	\N	\N
93401003	3	\N	\N	\N
93401004	4	\N	\N	\N
93401005	5	\N	\N	\N
93401006	6	\N	\N	\N
93404001	1	\N	\N	\N
93404002	2	\N	\N	\N
93404003	3	\N	\N	\N
93404004	4	\N	\N	\N
93404005	5	\N	\N	\N
93404006	6	\N	\N	\N
93404007	7	\N	\N	\N
93404008	8	\N	\N	\N
93404009	9	\N	\N	\N
93404010	10	\N	\N	\N
93404011	11	\N	\N	\N
93404012	12	\N	\N	\N
93404013	13	\N	\N	\N
93404014	14	\N	\N	\N
93404015	15	\N	\N	\N
93404016	16	\N	\N	\N
93404017	17	\N	\N	\N
93404018	18	\N	\N	\N
93404019	19	\N	\N	\N
93404020	20	\N	\N	\N
93404021	21	\N	\N	\N
93404022	22	\N	\N	\N
93404023	23	\N	\N	\N
93404024	24	\N	\N	\N
93404025	25	\N	\N	\N
93404026	26	\N	\N	\N
93404027	27	\N	\N	\N
93404028	28	\N	\N	\N
93404029	29	\N	\N	\N
93404030	30	\N	\N	\N
93404031	31	\N	\N	\N
93404032	32	\N	\N	\N
93404033	33	\N	\N	\N
93404034	34	\N	\N	\N
93404035	35	\N	\N	\N
93404036	36	\N	\N	\N
93404037	37	\N	\N	\N
93404038	38	\N	\N	\N
93501001	1	\N	\N	\N
93501002	2	\N	\N	\N
93501003	3	\N	\N	\N
93501004	4	\N	\N	\N
93501005	5	\N	\N	\N
93501006	6	\N	\N	\N
93501007	7	\N	\N	\N
93501008	8	\N	\N	\N
93501009	9	\N	\N	\N
93501010	10	\N	\N	\N
93501011	11	\N	\N	\N
93501012	12	\N	\N	\N
93501013	13	\N	\N	\N
93501014	14	\N	\N	\N
93501015	15	\N	\N	\N
93501016	16	\N	\N	\N
93501017	17	\N	\N	\N
93501018	18	\N	\N	\N
93501019	19	\N	\N	\N
93501020	20	\N	\N	\N
93501021	21	\N	\N	\N
93502001	1	\N	\N	\N
93502002	2	\N	\N	\N
93502003	3	\N	\N	\N
93502004	4	\N	\N	\N
93502005	5	\N	\N	\N
93502006	6	\N	\N	\N
93502007	7	\N	\N	\N
93502008	8	\N	\N	\N
93502009	9	\N	\N	\N
93502010	10	\N	\N	\N
93502011	11	\N	\N	\N
93502012	12	\N	\N	\N
93502013	13	\N	\N	\N
93502014	14	\N	\N	\N
93502015	15	\N	\N	\N
93502016	16	\N	\N	\N
93502017	17	\N	\N	\N
93502018	18	\N	\N	\N
93502019	19	\N	\N	\N
93503001	1	\N	\N	\N
93503002	2	\N	\N	\N
93503003	3	\N	\N	\N
93503004	4	\N	\N	\N
93503005	5	\N	\N	\N
93503006	6	\N	\N	\N
93503007	7	\N	\N	\N
93503008	8	\N	\N	\N
93503009	9	\N	\N	\N
93503010	10	\N	\N	\N
93503011	11	\N	\N	\N
93503012	12	\N	\N	\N
93503013	13	\N	\N	\N
93503014	14	\N	\N	\N
93504001	1	\N	\N	\N
93504002	2	\N	\N	\N
93504003	3	\N	\N	\N
93504004	4	\N	\N	\N
93504005	5	\N	\N	\N
93504006	6	\N	\N	\N
93504007	7	\N	\N	\N
93504008	8	\N	\N	\N
93504009	9	\N	\N	\N
93504010	10	\N	\N	\N
93504011	11	\N	\N	\N
93504012	12	\N	\N	\N
93504013	13	\N	\N	\N
93504014	14	\N	\N	\N
93504015	15	\N	\N	\N
93504016	16	\N	\N	\N
93504017	17	\N	\N	\N
93504018	18	\N	\N	\N
93504019	19	\N	\N	\N
93504020	20	\N	\N	\N
93504021	21	\N	\N	\N
93504022	22	\N	\N	\N
93504023	23	\N	\N	\N
93504024	24	\N	\N	\N
93504025	25	\N	\N	\N
93504026	26	\N	\N	\N
93504027	27	\N	\N	\N
93504028	28	\N	\N	\N
93504029	29	\N	\N	\N
93504030	30	\N	\N	\N
93504031	31	\N	\N	\N
93504032	32	\N	\N	\N
93504033	33	\N	\N	\N
93504034	34	\N	\N	\N
93504035	35	\N	\N	\N
93504036	36	\N	\N	\N
93504037	37	\N	\N	\N
93504038	38	\N	\N	\N
93505001	1	\N	\N	\N
93505002	2	\N	\N	\N
93505003	3	\N	\N	\N
93505004	4	\N	\N	\N
93505005	5	\N	\N	\N
93505006	6	\N	\N	\N
93505007	7	\N	\N	\N
93505008	8	\N	\N	\N
93505009	9	\N	\N	\N
93505010	10	\N	\N	\N
93505011	11	\N	\N	\N
93505012	12	\N	\N	\N
93505013	13	\N	\N	\N
93505014	14	\N	\N	\N
93505015	15	\N	\N	\N
93505016	16	\N	\N	\N
93505017	17	\N	\N	\N
93505018	18	\N	\N	\N
93505019	19	\N	\N	\N
93505020	20	\N	\N	\N
93505021	21	\N	\N	\N
93505022	22	\N	\N	\N
93505023	23	\N	\N	\N
93505024	24	\N	\N	\N
93505025	25	\N	\N	\N
93505026	26	\N	\N	\N
93505027	27	\N	\N	\N
93505028	28	\N	\N	\N
93505029	29	\N	\N	\N
93601001	1	\N	\N	\N
93601002	2	\N	\N	\N
93601003	3	\N	\N	\N
93601004	4	\N	\N	\N
93601005	5	\N	\N	\N
93601006	6	\N	\N	\N
93601007	7	\N	\N	\N
93601008	8	\N	\N	\N
93601009	9	\N	\N	\N
93601010	10	\N	\N	\N
93601011	11	\N	\N	\N
93601012	12	\N	\N	\N
93602001	1	\N	\N	\N
93602002	2	\N	\N	\N
93602003	3	\N	\N	\N
93602004	4	\N	\N	\N
93602005	5	\N	\N	\N
93602006	6	\N	\N	\N
93602007	7	\N	\N	\N
93602008	8	\N	\N	\N
93602009	9	\N	\N	\N
93602010	10	\N	\N	\N
93602011	11	\N	\N	\N
93602012	12	\N	\N	\N
93604001	1	\N	\N	\N
93604002	2	\N	\N	\N
93604003	3	\N	\N	\N
93604004	4	\N	\N	\N
93604005	5	\N	\N	\N
93605001	1	\N	\N	\N
93605002	2	\N	\N	\N
93605003	3	\N	\N	\N
93605004	4	\N	\N	\N
93605005	5	\N	\N	\N
93605006	6	\N	\N	\N
93605007	7	\N	\N	\N
93605008	8	\N	\N	\N
93605009	9	\N	\N	\N
93606001	1	\N	\N	\N
93606002	2	\N	\N	\N
93606003	3	\N	\N	\N
93606004	4	\N	\N	\N
93606005	5	\N	\N	\N
93606006	6	\N	\N	\N
93606007	7	\N	\N	\N
93606008	8	\N	\N	\N
93606009	9	\N	\N	\N
93607001	1	\N	\N	\N
93607002	2	\N	\N	\N
93607003	3	\N	\N	\N
93607004	4	\N	\N	\N
93607005	5	\N	\N	\N
93607006	6	\N	\N	\N
93607007	7	\N	\N	\N
93607008	8	\N	\N	\N
93607009	9	\N	\N	\N
93607010	10	\N	\N	\N
93607011	11	\N	\N	\N
93607012	12	\N	\N	\N
93607013	13	\N	\N	\N
93607014	14	\N	\N	\N
93607015	15	\N	\N	\N
93607016	16	\N	\N	\N
93607017	17	\N	\N	\N
93607018	18	\N	\N	\N
93607019	19	\N	\N	\N
93607020	20	\N	\N	\N
93607021	21	\N	\N	\N
93607022	22	\N	\N	\N
93607023	23	\N	\N	\N
93607024	24	\N	\N	\N
93607025	25	\N	\N	\N
93607026	26	\N	\N	\N
93607027	27	\N	\N	\N
93607028	28	\N	\N	\N
93607029	29	\N	\N	\N
93607030	30	\N	\N	\N
93607031	31	\N	\N	\N
93607032	32	\N	\N	\N
94701001	1	\N	\N	\N
94701002	2	\N	\N	\N
94701003	3	\N	\N	\N
94701004	4	\N	\N	\N
94701005	5	\N	\N	\N
94701006	6	\N	\N	\N
94701007	7	\N	\N	\N
94701008	8	\N	\N	\N
94701009	9	\N	\N	\N
94701010	10	\N	\N	\N
94701011	11	\N	\N	\N
94701012	12	\N	\N	\N
94701013	13	\N	\N	\N
94701014	14	\N	\N	\N
94701015	15	\N	\N	\N
94701016	16	\N	\N	\N
94702001	1	\N	\N	\N
94702002	2	\N	\N	\N
94702003	3	\N	\N	\N
94702004	4	\N	\N	\N
94702005	5	\N	\N	\N
94702006	6	\N	\N	\N
94702007	7	\N	\N	\N
94702008	8	\N	\N	\N
94702009	9	\N	\N	\N
94702010	10	\N	\N	\N
94702011	11	\N	\N	\N
94702012	12	\N	\N	\N
94702013	13	\N	\N	\N
94702014	14	\N	\N	\N
94702015	15	\N	\N	\N
94702016	16	\N	\N	\N
94702017	17	\N	\N	\N
94702018	18	\N	\N	\N
94702019	19	\N	\N	\N
94702020	20	\N	\N	\N
94702021	21	\N	\N	\N
94702022	22	\N	\N	\N
94702023	23	\N	\N	\N
94702024	24	\N	\N	\N
94702025	25	\N	\N	\N
94702026	26	\N	\N	\N
94702027	27	\N	\N	\N
94702028	28	\N	\N	\N
94702029	29	\N	\N	\N
94702030	30	\N	\N	\N
94703001	1	\N	\N	\N
94703002	2	\N	\N	\N
94703003	3	\N	\N	\N
94703004	4	\N	\N	\N
94703005	5	\N	\N	\N
94703006	6	\N	\N	\N
94703007	7	\N	\N	\N
94703008	8	\N	\N	\N
94703009	9	\N	\N	\N
94703010	10	\N	\N	\N
94703011	11	\N	\N	\N
94703012	12	\N	\N	\N
94703013	13	\N	\N	\N
94703014	14	\N	\N	\N
94703015	15	\N	\N	\N
94703016	16	\N	\N	\N
94703017	17	\N	\N	\N
94703018	18	\N	\N	\N
94703019	19	\N	\N	\N
94703020	20	\N	\N	\N
94703021	21	\N	\N	\N
94703022	22	\N	\N	\N
94703023	23	\N	\N	\N
94703024	24	\N	\N	\N
94703025	25	\N	\N	\N
94703026	26	\N	\N	\N
94703027	27	\N	\N	\N
94703028	28	\N	\N	\N
94703029	29	\N	\N	\N
94703030	30	\N	\N	\N
94703031	31	\N	\N	\N
94704001	1	\N	\N	\N
94704002	2	\N	\N	\N
94704003	3	\N	\N	\N
94704004	4	\N	\N	\N
94704005	5	\N	\N	\N
94704006	6	\N	\N	\N
94704007	7	\N	\N	\N
94704008	8	\N	\N	\N
94704009	9	\N	\N	\N
94704010	10	\N	\N	\N
94704011	11	\N	\N	\N
94704012	12	\N	\N	\N
94704013	13	\N	\N	\N
94705001	1	\N	\N	\N
94705002	2	\N	\N	\N
94705003	3	\N	\N	\N
94705004	4	\N	\N	\N
94705005	5	\N	\N	\N
94705006	6	\N	\N	\N
94705007	7	\N	\N	\N
94705008	8	\N	\N	\N
94705009	9	\N	\N	\N
94705010	10	\N	\N	\N
94705011	11	\N	\N	\N
94705012	12	\N	\N	\N
94705013	13	\N	\N	\N
94705014	14	\N	\N	\N
94705015	15	\N	\N	\N
94705016	16	\N	\N	\N
94705017	17	\N	\N	\N
94705018	18	\N	\N	\N
94705019	19	\N	\N	\N
94705020	20	\N	\N	\N
94705021	21	\N	\N	\N
94705022	22	\N	\N	\N
94705023	23	\N	\N	\N
94705024	24	\N	\N	\N
94705025	25	\N	\N	\N
94705026	26	\N	\N	\N
94705027	27	\N	\N	\N
94705028	28	\N	\N	\N
94705029	29	\N	\N	\N
94705030	30	\N	\N	\N
94705031	31	\N	\N	\N
83001001	1	\N	\N	\N
83001002	2	\N	\N	\N
83001003	3	\N	\N	\N
83001004	4	\N	\N	\N
83001005	5	\N	\N	\N
83001006	6	\N	\N	\N
83001007	7	\N	\N	\N
83001008	8	\N	\N	\N
83001009	9	\N	\N	\N
83001010	10	\N	\N	\N
83001011	11	\N	\N	\N
83001012	12	\N	\N	\N
83001013	13	\N	\N	\N
83001014	14	\N	\N	\N
83001015	15	\N	\N	\N
83001016	16	\N	\N	\N
83001017	17	\N	\N	\N
83001018	18	\N	\N	\N
83001019	19	\N	\N	\N
83001020	20	\N	\N	\N
83001021	21	\N	\N	\N
83001022	22	\N	\N	\N
83001023	23	\N	\N	\N
83001024	24	\N	\N	\N
83001025	25	\N	\N	\N
83002001	1	\N	\N	\N
83002002	2	\N	\N	\N
83002003	3	\N	\N	\N
83002004	4	\N	\N	\N
83002005	5	\N	\N	\N
83002006	6	\N	\N	\N
83002007	7	\N	\N	\N
83002008	8	\N	\N	\N
83002009	9	\N	\N	\N
83002010	10	\N	\N	\N
83002011	11	\N	\N	\N
83002012	12	\N	\N	\N
83002013	13	\N	\N	\N
83002014	14	\N	\N	\N
83002015	15	\N	\N	\N
83002016	16	\N	\N	\N
83002017	17	\N	\N	\N
83002018	18	\N	\N	\N
83002019	19	\N	\N	\N
83003001	1	\N	\N	\N
83003002	2	\N	\N	\N
83003003	3	\N	\N	\N
83003004	4	\N	\N	\N
83003005	5	\N	\N	\N
83003006	6	\N	\N	\N
83003007	7	\N	\N	\N
83003008	8	\N	\N	\N
83003009	9	\N	\N	\N
83003010	10	\N	\N	\N
83003011	11	\N	\N	\N
83003012	12	\N	\N	\N
83003013	13	\N	\N	\N
83003014	14	\N	\N	\N
83003015	15	\N	\N	\N
83003016	16	\N	\N	\N
83003017	17	\N	\N	\N
83003018	18	\N	\N	\N
83003019	19	\N	\N	\N
83004001	1	\N	\N	\N
83004002	2	\N	\N	\N
83004003	3	\N	\N	\N
83004004	4	\N	\N	\N
83004005	5	\N	\N	\N
83004006	6	\N	\N	\N
83004007	7	\N	\N	\N
83004008	8	\N	\N	\N
83004009	9	\N	\N	\N
83004010	10	\N	\N	\N
83004011	11	\N	\N	\N
83005001	1	\N	\N	\N
83005002	2	\N	\N	\N
83005003	3	\N	\N	\N
83005004	4	\N	\N	\N
83005005	5	\N	\N	\N
83005006	6	\N	\N	\N
83005007	7	\N	\N	\N
83005008	8	\N	\N	\N
83005009	9	\N	\N	\N
83005010	10	\N	\N	\N
83005011	11	\N	\N	\N
83005012	12	\N	\N	\N
83005013	13	\N	\N	\N
83005014	14	\N	\N	\N
83005015	15	\N	\N	\N
83006001	1	\N	\N	\N
83006002	2	\N	\N	\N
83006003	3	\N	\N	\N
83006004	4	\N	\N	\N
83006005	5	\N	\N	\N
83006006	6	\N	\N	\N
83007001	1	\N	\N	\N
83007002	2	\N	\N	\N
83007003	3	\N	\N	\N
83007004	4	\N	\N	\N
83007005	5	\N	\N	\N
83007006	6	\N	\N	\N
83007007	7	\N	\N	\N
83007008	8	\N	\N	\N
83007009	9	\N	\N	\N
83007010	10	\N	\N	\N
83007011	11	\N	\N	\N
83007012	12	\N	\N	\N
83007013	13	\N	\N	\N
83007014	14	\N	\N	\N
83007015	15	\N	\N	\N
83007016	16	\N	\N	\N
83007017	17	\N	\N	\N
83007018	18	\N	\N	\N
83007019	19	\N	\N	\N
83007020	20	\N	\N	\N
83007021	21	\N	\N	\N
83007022	22	\N	\N	\N
83007023	23	\N	\N	\N
83007024	24	\N	\N	\N
83007025	25	\N	\N	\N
83007026	26	\N	\N	\N
83007027	27	\N	\N	\N
83007028	28	\N	\N	\N
83007029	29	\N	\N	\N
83007030	30	\N	\N	\N
83007031	31	\N	\N	\N
83007032	32	\N	\N	\N
83101001	1	\N	\N	\N
83101002	2	\N	\N	\N
83101003	3	\N	\N	\N
83101004	4	\N	\N	\N
83101005	5	\N	\N	\N
83101006	6	\N	\N	\N
83101007	7	\N	\N	\N
83101008	8	\N	\N	\N
83101009	9	\N	\N	\N
83102001	1	\N	\N	\N
83102002	2	\N	\N	\N
83102003	3	\N	\N	\N
83102004	4	\N	\N	\N
83102005	5	\N	\N	\N
83102006	6	\N	\N	\N
83102007	7	\N	\N	\N
83102008	8	\N	\N	\N
83102009	9	\N	\N	\N
83102010	10	\N	\N	\N
83102011	11	\N	\N	\N
83102012	12	\N	\N	\N
83102013	13	\N	\N	\N
83102014	14	\N	\N	\N
83102015	15	\N	\N	\N
83102016	16	\N	\N	\N
83102017	17	\N	\N	\N
83102018	18	\N	\N	\N
83102019	19	\N	\N	\N
83102020	20	\N	\N	\N
83102021	21	\N	\N	\N
83102022	22	\N	\N	\N
83102023	23	\N	\N	\N
83102024	24	\N	\N	\N
83102025	25	\N	\N	\N
83102026	26	\N	\N	\N
83102027	27	\N	\N	\N
83102028	28	\N	\N	\N
83102029	29	\N	\N	\N
83102030	30	\N	\N	\N
83102031	31	\N	\N	\N
83102032	32	\N	\N	\N
83102033	33	\N	\N	\N
83102034	34	\N	\N	\N
83103001	1	\N	\N	\N
83103002	2	\N	\N	\N
83103003	3	\N	\N	\N
83103004	4	\N	\N	\N
83103005	5	\N	\N	\N
83103006	6	\N	\N	\N
83103007	7	\N	\N	\N
83103008	8	\N	\N	\N
83103009	9	\N	\N	\N
83103010	10	\N	\N	\N
83103011	11	\N	\N	\N
83103012	12	\N	\N	\N
83103013	13	\N	\N	\N
83103014	14	\N	\N	\N
83103015	15	\N	\N	\N
83103016	16	\N	\N	\N
83103017	17	\N	\N	\N
83103018	18	\N	\N	\N
83103019	19	\N	\N	\N
83103020	20	\N	\N	\N
83103021	21	\N	\N	\N
83103022	22	\N	\N	\N
83103023	23	\N	\N	\N
83103024	24	\N	\N	\N
83103025	25	\N	\N	\N
83103026	26	\N	\N	\N
83103027	27	\N	\N	\N
83103028	28	\N	\N	\N
83103029	29	\N	\N	\N
83104001	1	\N	\N	\N
83104002	2	\N	\N	\N
83104003	3	\N	\N	\N
83104004	4	\N	\N	\N
83104005	5	\N	\N	\N
83104006	6	\N	\N	\N
83104007	7	\N	\N	\N
83104008	8	\N	\N	\N
83105001	1	\N	\N	\N
83105002	2	\N	\N	\N
83105003	3	\N	\N	\N
83105004	4	\N	\N	\N
83105005	5	\N	\N	\N
83105006	6	\N	\N	\N
83105007	7	\N	\N	\N
83105008	8	\N	\N	\N
83105009	9	\N	\N	\N
83105010	10	\N	\N	\N
83105011	11	\N	\N	\N
83105012	12	\N	\N	\N
83105013	13	\N	\N	\N
83105014	14	\N	\N	\N
83105015	15	\N	\N	\N
83105016	16	\N	\N	\N
83105017	17	\N	\N	\N
83105018	18	\N	\N	\N
83105019	19	\N	\N	\N
83105020	20	\N	\N	\N
83105021	21	\N	\N	\N
83105022	22	\N	\N	\N
83105023	23	\N	\N	\N
83105024	24	\N	\N	\N
83105025	25	\N	\N	\N
83105026	26	\N	\N	\N
83105027	27	\N	\N	\N
83105028	28	\N	\N	\N
83105029	29	\N	\N	\N
83105030	30	\N	\N	\N
83105031	31	\N	\N	\N
83105032	32	\N	\N	\N
83106001	1	\N	\N	\N
83106002	2	\N	\N	\N
83106003	3	\N	\N	\N
83106004	4	\N	\N	\N
83106005	5	\N	\N	\N
83106006	6	\N	\N	\N
83106007	7	\N	\N	\N
83106008	8	\N	\N	\N
83106009	9	\N	\N	\N
83106010	10	\N	\N	\N
83106011	11	\N	\N	\N
83106012	12	\N	\N	\N
83106013	13	\N	\N	\N
83106014	14	\N	\N	\N
83106015	15	\N	\N	\N
83106016	16	\N	\N	\N
83106017	17	\N	\N	\N
83106018	18	\N	\N	\N
83106019	19	\N	\N	\N
83106020	20	\N	\N	\N
83106021	21	\N	\N	\N
83106022	22	\N	\N	\N
83106023	23	\N	\N	\N
83106024	24	\N	\N	\N
83106025	25	\N	\N	\N
83106026	26	\N	\N	\N
83106027	27	\N	\N	\N
83106028	28	\N	\N	\N
83106029	29	\N	\N	\N
83106030	30	\N	\N	\N
83106031	31	\N	\N	\N
83201001	1	\N	\N	\N
83201002	2	\N	\N	\N
83201003	3	\N	\N	\N
83201004	4	\N	\N	\N
83201005	5	\N	\N	\N
83201006	6	\N	\N	\N
83201007	7	\N	\N	\N
83201008	8	\N	\N	\N
83201009	9	\N	\N	\N
83201010	10	\N	\N	\N
83201011	11	\N	\N	\N
83201012	12	\N	\N	\N
83201013	13	\N	\N	\N
83201014	14	\N	\N	\N
83202001	1	\N	\N	\N
83202002	2	\N	\N	\N
83202003	3	\N	\N	\N
83202004	4	\N	\N	\N
83202005	5	\N	\N	\N
83202006	6	\N	\N	\N
83202007	7	\N	\N	\N
83202008	8	\N	\N	\N
83202009	9	\N	\N	\N
83202010	10	\N	\N	\N
83202011	11	\N	\N	\N
83202012	12	\N	\N	\N
83202013	13	\N	\N	\N
83202014	14	\N	\N	\N
83202015	15	\N	\N	\N
83202016	16	\N	\N	\N
83202017	17	\N	\N	\N
83202018	18	\N	\N	\N
83202019	19	\N	\N	\N
83202020	20	\N	\N	\N
83202021	21	\N	\N	\N
83202022	22	\N	\N	\N
83202023	23	\N	\N	\N
83202024	24	\N	\N	\N
83202025	25	\N	\N	\N
83202026	26	\N	\N	\N
83202027	27	\N	\N	\N
83202028	28	\N	\N	\N
83202029	29	\N	\N	\N
83202030	30	\N	\N	\N
83202031	31	\N	\N	\N
83202032	32	\N	\N	\N
83202033	33	\N	\N	\N
83202034	34	\N	\N	\N
83202035	35	\N	\N	\N
83202036	36	\N	\N	\N
83202037	37	\N	\N	\N
83202038	38	\N	\N	\N
83202039	39	\N	\N	\N
83203001	1	\N	\N	\N
83203002	2	\N	\N	\N
83203003	3	\N	\N	\N
83203004	4	\N	\N	\N
83203005	5	\N	\N	\N
83203006	6	\N	\N	\N
83203007	7	\N	\N	\N
83203008	8	\N	\N	\N
83203009	9	\N	\N	\N
83204001	1	\N	\N	\N
83204002	2	\N	\N	\N
83204003	3	\N	\N	\N
83204004	4	\N	\N	\N
83204005	5	\N	\N	\N
83204006	6	\N	\N	\N
83204007	7	\N	\N	\N
83204008	8	\N	\N	\N
83204009	9	\N	\N	\N
83204010	10	\N	\N	\N
83204011	11	\N	\N	\N
83204012	12	\N	\N	\N
83204013	13	\N	\N	\N
83204014	14	\N	\N	\N
83204015	15	\N	\N	\N
83204016	16	\N	\N	\N
83204017	17	\N	\N	\N
83204018	18	\N	\N	\N
83204019	19	\N	\N	\N
83204020	20	\N	\N	\N
83204021	21	\N	\N	\N
83204022	22	\N	\N	\N
83204023	23	\N	\N	\N
83204024	24	\N	\N	\N
83204025	25	\N	\N	\N
83204026	26	\N	\N	\N
83204027	27	\N	\N	\N
83204028	28	\N	\N	\N
83204029	29	\N	\N	\N
83204030	30	\N	\N	\N
83204031	31	\N	\N	\N
83204032	32	\N	\N	\N
83204033	33	\N	\N	\N
83205001	1	\N	\N	\N
83205002	2	\N	\N	\N
83205003	3	\N	\N	\N
83205004	4	\N	\N	\N
83205005	5	\N	\N	\N
83205006	6	\N	\N	\N
83205007	7	\N	\N	\N
83205008	8	\N	\N	\N
83205009	9	\N	\N	\N
83205010	10	\N	\N	\N
83205011	11	\N	\N	\N
83205012	12	\N	\N	\N
83205013	13	\N	\N	\N
83205014	14	\N	\N	\N
83205015	15	\N	\N	\N
83205016	16	\N	\N	\N
83205017	17	\N	\N	\N
83205018	18	\N	\N	\N
83205019	19	\N	\N	\N
83205020	20	\N	\N	\N
83205021	21	\N	\N	\N
83205022	22	\N	\N	\N
83205023	23	\N	\N	\N
83205024	24	\N	\N	\N
83205025	25	\N	\N	\N
83205026	26	\N	\N	\N
83205027	27	\N	\N	\N
83205028	28	\N	\N	\N
83205029	29	\N	\N	\N
83205030	30	\N	\N	\N
83205031	31	\N	\N	\N
83205032	32	\N	\N	\N
83205033	33	\N	\N	\N
83205034	34	\N	\N	\N
83205035	35	\N	\N	\N
83205036	36	\N	\N	\N
83205037	37	\N	\N	\N
63701001	1	\N	\N	\N
63701002	2	\N	\N	\N
63701003	3	\N	\N	\N
63701004	4	\N	\N	\N
63701005	5	\N	\N	\N
63701006	6	\N	\N	\N
63701007	7	\N	\N	\N
63701008	8	\N	\N	\N
63701009	9	\N	\N	\N
63701010	10	\N	\N	\N
63701011	11	\N	\N	\N
63701012	12	\N	\N	\N
63701013	13	\N	\N	\N
63701014	14	\N	\N	\N
63701015	15	\N	\N	\N
63701016	16	\N	\N	\N
63701017	17	\N	\N	\N
63701018	18	\N	\N	\N
63701019	19	\N	\N	\N
63701020	20	\N	\N	\N
63701021	21	\N	\N	\N
63701022	22	\N	\N	\N
63701023	23	\N	\N	\N
63701024	24	\N	\N	\N
63701025	25	\N	\N	\N
63701026	26	\N	\N	\N
63701027	27	\N	\N	\N
63701028	28	\N	\N	\N
63702001	1	\N	\N	\N
63702002	2	\N	\N	\N
63702003	3	\N	\N	\N
63702004	4	\N	\N	\N
63702005	5	\N	\N	\N
63702006	6	\N	\N	\N
63702007	7	\N	\N	\N
63702008	8	\N	\N	\N
63702009	9	\N	\N	\N
63702010	10	\N	\N	\N
63702011	11	\N	\N	\N
63702012	12	\N	\N	\N
63702013	13	\N	\N	\N
63702014	14	\N	\N	\N
63702015	15	\N	\N	\N
63702016	16	\N	\N	\N
63702017	17	\N	\N	\N
63702018	18	\N	\N	\N
63702019	19	\N	\N	\N
63702020	20	\N	\N	\N
63702021	21	\N	\N	\N
63702022	22	\N	\N	\N
63702023	23	\N	\N	\N
63702024	24	\N	\N	\N
63702025	25	\N	\N	\N
63702026	26	\N	\N	\N
63702027	27	\N	\N	\N
63702028	28	\N	\N	\N
63702029	29	\N	\N	\N
63702030	30	\N	\N	\N
63702031	31	\N	\N	\N
63702032	32	\N	\N	\N
63702033	33	\N	\N	\N
63702034	34	\N	\N	\N
63702035	35	\N	\N	\N
63702036	36	\N	\N	\N
63703001	1	\N	\N	\N
63703002	2	\N	\N	\N
63703003	3	\N	\N	\N
63703004	4	\N	\N	\N
63703005	5	\N	\N	\N
63703006	6	\N	\N	\N
63703007	7	\N	\N	\N
63703008	8	\N	\N	\N
63703009	9	\N	\N	\N
63703010	10	\N	\N	\N
63703011	11	\N	\N	\N
63703012	12	\N	\N	\N
63703013	13	\N	\N	\N
63703014	14	\N	\N	\N
63703015	15	\N	\N	\N
63703016	16	\N	\N	\N
63703017	17	\N	\N	\N
63703018	18	\N	\N	\N
63703019	19	\N	\N	\N
63703020	20	\N	\N	\N
63703021	21	\N	\N	\N
63703022	22	\N	\N	\N
63703023	23	\N	\N	\N
63703024	24	\N	\N	\N
63703025	25	\N	\N	\N
63703026	26	\N	\N	\N
63703027	27	\N	\N	\N
63703028	28	\N	\N	\N
63703029	29	\N	\N	\N
63703030	30	\N	\N	\N
63703031	31	\N	\N	\N
63703032	32	\N	\N	\N
63703033	33	\N	\N	\N
63703034	34	\N	\N	\N
63703035	35	\N	\N	\N
63703036	36	\N	\N	\N
63703037	37	\N	\N	\N
63703038	38	\N	\N	\N
63704001	1	\N	\N	\N
63704002	2	\N	\N	\N
63704003	3	\N	\N	\N
63704004	4	\N	\N	\N
63704005	5	\N	\N	\N
63704006	6	\N	\N	\N
63705001	1	\N	\N	\N
63705002	2	\N	\N	\N
63705003	3	\N	\N	\N
63705004	4	\N	\N	\N
63705005	5	\N	\N	\N
63705006	6	\N	\N	\N
63705007	7	\N	\N	\N
63705008	8	\N	\N	\N
63705009	9	\N	\N	\N
63705010	10	\N	\N	\N
63705011	11	\N	\N	\N
63705012	12	\N	\N	\N
63705013	13	\N	\N	\N
63705014	14	\N	\N	\N
63705015	15	\N	\N	\N
63705016	16	\N	\N	\N
63705017	17	\N	\N	\N
63705018	18	\N	\N	\N
63705019	19	\N	\N	\N
63705020	20	\N	\N	\N
63705021	21	\N	\N	\N
63705022	22	\N	\N	\N
63705023	23	\N	\N	\N
63705024	24	\N	\N	\N
63705025	25	\N	\N	\N
63705026	26	\N	\N	\N
63705027	27	\N	\N	\N
63705028	28	\N	\N	\N
63705029	29	\N	\N	\N
63705030	30	\N	\N	\N
63705031	31	\N	\N	\N
63801001	1	\N	\N	\N
63801002	2	\N	\N	\N
63801003	3	\N	\N	\N
63801004	4	\N	\N	\N
63801005	5	\N	\N	\N
63801006	6	\N	\N	\N
63801007	7	\N	\N	\N
63801008	8	\N	\N	\N
63801009	9	\N	\N	\N
63801010	10	\N	\N	\N
63801011	11	\N	\N	\N
63801012	12	\N	\N	\N
63801013	13	\N	\N	\N
63801014	14	\N	\N	\N
63802001	1	\N	\N	\N
63802002	2	\N	\N	\N
63802003	3	\N	\N	\N
63802004	4	\N	\N	\N
63802005	5	\N	\N	\N
63802006	6	\N	\N	\N
63802007	7	\N	\N	\N
63802008	8	\N	\N	\N
63802009	9	\N	\N	\N
63802010	10	\N	\N	\N
63802011	11	\N	\N	\N
63802012	12	\N	\N	\N
63802013	13	\N	\N	\N
63802014	14	\N	\N	\N
63802015	15	\N	\N	\N
63803001	1	\N	\N	\N
63803002	2	\N	\N	\N
63803003	3	\N	\N	\N
63803004	4	\N	\N	\N
63803005	5	\N	\N	\N
63803006	6	\N	\N	\N
63803007	7	\N	\N	\N
63803008	8	\N	\N	\N
63803009	9	\N	\N	\N
63803010	10	\N	\N	\N
63803011	11	\N	\N	\N
63803012	12	\N	\N	\N
63803013	13	\N	\N	\N
63803014	14	\N	\N	\N
63803015	15	\N	\N	\N
63803016	16	\N	\N	\N
63803017	17	\N	\N	\N
63803018	18	\N	\N	\N
63803019	19	\N	\N	\N
63803020	20	\N	\N	\N
63803021	21	\N	\N	\N
63803022	22	\N	\N	\N
63803023	23	\N	\N	\N
63803024	24	\N	\N	\N
63803025	25	\N	\N	\N
63803026	26	\N	\N	\N
63803027	27	\N	\N	\N
63803028	28	\N	\N	\N
63803029	29	\N	\N	\N
63803030	30	\N	\N	\N
63803031	31	\N	\N	\N
63804001	1	\N	\N	\N
63804002	2	\N	\N	\N
63804003	3	\N	\N	\N
63804004	4	\N	\N	\N
63804005	5	\N	\N	\N
63804006	6	\N	\N	\N
63804007	7	\N	\N	\N
63804008	8	\N	\N	\N
63804009	9	\N	\N	\N
63804010	10	\N	\N	\N
63804011	11	\N	\N	\N
63804012	12	\N	\N	\N
63804013	13	\N	\N	\N
63804014	14	\N	\N	\N
63804015	15	\N	\N	\N
63804016	16	\N	\N	\N
63804017	17	\N	\N	\N
63804018	18	\N	\N	\N
63804019	19	\N	\N	\N
63804020	20	\N	\N	\N
63804021	21	\N	\N	\N
63805001	1	\N	\N	\N
63805002	2	\N	\N	\N
63805003	3	\N	\N	\N
63805004	4	\N	\N	\N
63805005	5	\N	\N	\N
63805006	6	\N	\N	\N
63805007	7	\N	\N	\N
63805008	8	\N	\N	\N
63805009	9	\N	\N	\N
63805010	10	\N	\N	\N
63805011	11	\N	\N	\N
63805012	12	\N	\N	\N
63805013	13	\N	\N	\N
63805014	14	\N	\N	\N
63805015	15	\N	\N	\N
63805016	16	\N	\N	\N
63805017	17	\N	\N	\N
63805018	18	\N	\N	\N
63805019	19	\N	\N	\N
63805020	20	\N	\N	\N
63902001	1	\N	\N	\N
63902002	2	\N	\N	\N
63902003	3	\N	\N	\N
63902004	4	\N	\N	\N
63902005	5	\N	\N	\N
63902006	6	\N	\N	\N
63902007	7	\N	\N	\N
63902008	8	\N	\N	\N
63902009	9	\N	\N	\N
63903001	1	\N	\N	\N
63903002	2	\N	\N	\N
63903003	3	\N	\N	\N
63903004	4	\N	\N	\N
63903005	5	\N	\N	\N
63903006	6	\N	\N	\N
63903007	7	\N	\N	\N
63903008	8	\N	\N	\N
63904001	1	\N	\N	\N
63904002	2	\N	\N	\N
63904003	3	\N	\N	\N
63904004	4	\N	\N	\N
63904005	5	\N	\N	\N
63904006	6	\N	\N	\N
63904007	7	\N	\N	\N
63904008	8	\N	\N	\N
63904009	9	\N	\N	\N
63904010	10	\N	\N	\N
63904011	11	\N	\N	\N
63904012	12	\N	\N	\N
63904013	13	\N	\N	\N
63904014	14	\N	\N	\N
63904015	15	\N	\N	\N
63904016	16	\N	\N	\N
63904017	17	\N	\N	\N
63904018	18	\N	\N	\N
63904019	19	\N	\N	\N
63904020	20	\N	\N	\N
63904021	21	\N	\N	\N
63904022	22	\N	\N	\N
63904023	23	\N	\N	\N
63904024	24	\N	\N	\N
63904025	25	\N	\N	\N
63904026	26	\N	\N	\N
63906001	1	\N	\N	\N
63906002	2	\N	\N	\N
63906003	3	\N	\N	\N
63906004	4	\N	\N	\N
63906005	5	\N	\N	\N
63906006	6	\N	\N	\N
63906007	7	\N	\N	\N
63907001	1	\N	\N	\N
63907002	2	\N	\N	\N
63907003	3	\N	\N	\N
63907004	4	\N	\N	\N
63907005	5	\N	\N	\N
63907006	6	\N	\N	\N
63907007	7	\N	\N	\N
63907008	8	\N	\N	\N
63907009	9	\N	\N	\N
63907010	10	\N	\N	\N
63907011	11	\N	\N	\N
63907012	12	\N	\N	\N
63907013	13	\N	\N	\N
63907014	14	\N	\N	\N
63907015	15	\N	\N	\N
64001001	1	\N	\N	\N
64001002	2	\N	\N	\N
64001003	3	\N	\N	\N
64001004	4	\N	\N	\N
64001005	5	\N	\N	\N
64001006	6	\N	\N	\N
64002001	1	\N	\N	\N
64002002	2	\N	\N	\N
64002003	3	\N	\N	\N
64002004	4	\N	\N	\N
64002005	5	\N	\N	\N
64002006	6	\N	\N	\N
64002007	7	\N	\N	\N
64002008	8	\N	\N	\N
64002009	9	\N	\N	\N
64002010	10	\N	\N	\N
64002011	11	\N	\N	\N
64002012	12	\N	\N	\N
64002013	13	\N	\N	\N
64002014	14	\N	\N	\N
64002015	15	\N	\N	\N
64002016	16	\N	\N	\N
64002017	17	\N	\N	\N
64002018	18	\N	\N	\N
64002019	19	\N	\N	\N
64002020	20	\N	\N	\N
64002021	21	\N	\N	\N
64002022	22	\N	\N	\N
64002023	23	\N	\N	\N
64002024	24	\N	\N	\N
64002025	25	\N	\N	\N
64002026	26	\N	\N	\N
64003001	1	\N	\N	\N
64003002	2	\N	\N	\N
64003003	3	\N	\N	\N
64003004	4	\N	\N	\N
64003005	5	\N	\N	\N
64003006	6	\N	\N	\N
64003007	7	\N	\N	\N
64003008	8	\N	\N	\N
64003009	9	\N	\N	\N
64003010	10	\N	\N	\N
64003011	11	\N	\N	\N
64003012	12	\N	\N	\N
64003013	13	\N	\N	\N
64003014	14	\N	\N	\N
64003015	15	\N	\N	\N
64003016	16	\N	\N	\N
64003017	17	\N	\N	\N
64003018	18	\N	\N	\N
64003019	19	\N	\N	\N
64003020	20	\N	\N	\N
64003021	21	\N	\N	\N
64003022	22	\N	\N	\N
64003023	23	\N	\N	\N
64003024	24	\N	\N	\N
64003025	25	\N	\N	\N
64003026	26	\N	\N	\N
64003027	27	\N	\N	\N
64003028	28	\N	\N	\N
64003029	29	\N	\N	\N
64003030	30	\N	\N	\N
64003031	31	\N	\N	\N
64003032	32	\N	\N	\N
64003033	33	\N	\N	\N
64003034	34	\N	\N	\N
64003035	35	\N	\N	\N
64004001	1	\N	\N	\N
64004002	2	\N	\N	\N
64004003	3	\N	\N	\N
64004004	4	\N	\N	\N
64004005	5	\N	\N	\N
64004006	6	\N	\N	\N
64004007	7	\N	\N	\N
64004008	8	\N	\N	\N
64004009	9	\N	\N	\N
64004010	10	\N	\N	\N
64004011	11	\N	\N	\N
30601001	1	\N	\N	\N
30601002	2	\N	\N	\N
30601003	3	\N	\N	\N
30601004	4	\N	\N	\N
30602001	1	\N	\N	\N
30602002	2	\N	\N	\N
30602003	3	\N	\N	\N
30602004	4	\N	\N	\N
30602005	5	\N	\N	\N
30602006	6	\N	\N	\N
30602007	7	\N	\N	\N
30602008	8	\N	\N	\N
30602009	9	\N	\N	\N
30604001	1	\N	\N	\N
30604002	2	\N	\N	\N
30604003	3	\N	\N	\N
30604004	4	\N	\N	\N
30605001	1	\N	\N	\N
30605002	2	\N	\N	\N
30605003	3	\N	\N	\N
30605004	4	\N	\N	\N
30605005	5	\N	\N	\N
30606001	1	\N	\N	\N
30606002	2	\N	\N	\N
30606003	3	\N	\N	\N
30606004	4	\N	\N	\N
30607001	1	\N	\N	\N
30607002	2	\N	\N	\N
30607003	3	\N	\N	\N
30607004	4	\N	\N	\N
30701001	1	\N	\N	\N
30701002	2	\N	\N	\N
30701003	3	\N	\N	\N
30701004	4	\N	\N	\N
30702001	1	\N	\N	\N
30702002	2	\N	\N	\N
30702003	3	\N	\N	\N
30702004	4	\N	\N	\N
30702005	5	\N	\N	\N
30703001	1	\N	\N	\N
30703002	2	\N	\N	\N
30703003	3	\N	\N	\N
30703004	4	\N	\N	\N
30703005	5	\N	\N	\N
30703006	6	\N	\N	\N
30703007	7	\N	\N	\N
30704001	1	\N	\N	\N
30704002	2	\N	\N	\N
30704003	3	\N	\N	\N
30704004	4	\N	\N	\N
30705001	1	\N	\N	\N
30705002	2	\N	\N	\N
30705003	3	\N	\N	\N
30705004	4	\N	\N	\N
30706001	1	\N	\N	\N
30706002	2	\N	\N	\N
30706003	3	\N	\N	\N
30706004	4	\N	\N	\N
30707001	1	\N	\N	\N
30707002	2	\N	\N	\N
30707003	3	\N	\N	\N
30707004	4	\N	\N	\N
30708001	1	\N	\N	\N
30708002	2	\N	\N	\N
30708003	3	\N	\N	\N
30708004	4	\N	\N	\N
30708005	5	\N	\N	\N
30708006	6	\N	\N	\N
30801001	1	\N	\N	\N
30801002	2	\N	\N	\N
30801003	3	\N	\N	\N
30801004	4	\N	\N	\N
30802001	1	\N	\N	\N
30802002	2	\N	\N	\N
30802003	3	\N	\N	\N
30802004	4	\N	\N	\N
30802005	5	\N	\N	\N
30802006	6	\N	\N	\N
30802007	7	\N	\N	\N
30802008	8	\N	\N	\N
30802009	9	\N	\N	\N
30803001	1	\N	\N	\N
30803002	2	\N	\N	\N
30803003	3	\N	\N	\N
30803004	4	\N	\N	\N
30803005	5	\N	\N	\N
30803006	6	\N	\N	\N
30803007	7	\N	\N	\N
30803008	8	\N	\N	\N
30803009	9	\N	\N	\N
30803010	10	\N	\N	\N
30803011	11	\N	\N	\N
30803012	12	\N	\N	\N
30803013	13	\N	\N	\N
30803014	14	\N	\N	\N
30804001	1	\N	\N	\N
30804002	2	\N	\N	\N
30804003	3	\N	\N	\N
30804004	4	\N	\N	\N
30805001	1	\N	\N	\N
30805002	2	\N	\N	\N
30805003	3	\N	\N	\N
30805004	4	\N	\N	\N
30805005	5	\N	\N	\N
30805006	6	\N	\N	\N
30806001	1	\N	\N	\N
30806002	2	\N	\N	\N
30806003	3	\N	\N	\N
30806004	4	\N	\N	\N
30901001	1	\N	\N	\N
30901002	2	\N	\N	\N
30901003	3	\N	\N	\N
30901004	4	\N	\N	\N
30901005	5	\N	\N	\N
30901006	6	\N	\N	\N
30901007	7	\N	\N	\N
30901008	8	\N	\N	\N
30901009	9	\N	\N	\N
30901010	10	\N	\N	\N
30901011	11	\N	\N	\N
30901012	12	\N	\N	\N
30901013	13	\N	\N	\N
30901014	14	\N	\N	\N
30901015	15	\N	\N	\N
30901016	16	\N	\N	\N
30901017	17	\N	\N	\N
30901018	18	\N	\N	\N
30901019	19	\N	\N	\N
30901020	20	\N	\N	\N
30901021	21	\N	\N	\N
30901022	22	\N	\N	\N
30901023	23	\N	\N	\N
30901024	24	\N	\N	\N
30901025	25	\N	\N	\N
30901026	26	\N	\N	\N
30901027	27	\N	\N	\N
30901028	28	\N	\N	\N
30901029	29	\N	\N	\N
30901030	30	\N	\N	\N
30901031	31	\N	\N	\N
30902001	1	\N	\N	\N
30902002	2	\N	\N	\N
30902003	3	\N	\N	\N
30902004	4	\N	\N	\N
30902005	5	\N	\N	\N
30902006	6	\N	\N	\N
30902007	7	\N	\N	\N
30903001	1	\N	\N	\N
30903002	2	\N	\N	\N
30903003	3	\N	\N	\N
30903004	4	\N	\N	\N
30903005	5	\N	\N	\N
30904001	1	\N	\N	\N
30904002	2	\N	\N	\N
30904003	3	\N	\N	\N
30904004	4	\N	\N	\N
30904005	5	\N	\N	\N
30904006	6	\N	\N	\N
30904007	7	\N	\N	\N
30904008	8	\N	\N	\N
30904009	9	\N	\N	\N
34501001	1	\N	\N	\N
34501002	2	\N	\N	\N
34501003	3	\N	\N	\N
34501004	4	\N	\N	\N
34501005	5	\N	\N	\N
34501006	6	\N	\N	\N
34501007	7	\N	\N	\N
34501008	8	\N	\N	\N
34501009	9	\N	\N	\N
34501010	10	\N	\N	\N
34501011	11	\N	\N	\N
34501012	12	\N	\N	\N
34501013	13	\N	\N	\N
34501014	14	\N	\N	\N
34501015	15	\N	\N	\N
34502001	1	\N	\N	\N
34502002	2	\N	\N	\N
34502003	3	\N	\N	\N
34502004	4	\N	\N	\N
34502005	5	\N	\N	\N
34502006	6	\N	\N	\N
34502007	7	\N	\N	\N
34502008	8	\N	\N	\N
34502009	9	\N	\N	\N
34502010	10	\N	\N	\N
34502011	11	\N	\N	\N
34502012	12	\N	\N	\N
34502013	13	\N	\N	\N
34503001	1	\N	\N	\N
34503002	2	\N	\N	\N
34503003	3	\N	\N	\N
34503004	4	\N	\N	\N
34503005	5	\N	\N	\N
10101001	1	\N	\N	\N
10101002	2	\N	\N	\N
10101003	3	\N	\N	\N
10101004	4	\N	\N	\N
10101005	5	\N	\N	\N
10101006	6	\N	\N	\N
10101007	7	\N	\N	\N
10101008	8	\N	\N	\N
10102001	1	\N	\N	\N
10102002	2	\N	\N	\N
10102003	3	\N	\N	\N
10102004	4	\N	\N	\N
10102005	5	\N	\N	\N
10102006	6	\N	\N	\N
10103001	1	\N	\N	\N
10103002	2	\N	\N	\N
10103003	3	\N	\N	\N
10103004	4	\N	\N	\N
10103005	5	\N	\N	\N
10103006	6	\N	\N	\N
10103007	7	\N	\N	\N
10104001	1	\N	\N	\N
10104002	2	\N	\N	\N
10104003	3	\N	\N	\N
10104004	4	\N	\N	\N
10104005	5	\N	\N	\N
10104006	6	\N	\N	\N
10104007	7	\N	\N	\N
10104008	8	\N	\N	\N
10104009	9	\N	\N	\N
10104010	10	\N	\N	\N
10104011	11	\N	\N	\N
10104012	12	\N	\N	\N
10104013	13	\N	\N	\N
10105001	1	\N	\N	\N
10105002	2	\N	\N	\N
10105003	3	\N	\N	\N
10105004	4	\N	\N	\N
10105005	5	\N	\N	\N
10105006	6	\N	\N	\N
10105007	7	\N	\N	\N
10105008	8	\N	\N	\N
10105009	9	\N	\N	\N
10105010	10	\N	\N	\N
10105011	11	\N	\N	\N
10105012	12	\N	\N	\N
10202001	1	\N	\N	\N
10202002	2	\N	\N	\N
10202003	3	\N	\N	\N
10202004	4	\N	\N	\N
10202005	5	\N	\N	\N
10202006	6	\N	\N	\N
10202007	7	\N	\N	\N
10202008	8	\N	\N	\N
10202009	9	\N	\N	\N
10202010	10	\N	\N	\N
10202011	11	\N	\N	\N
10202012	12	\N	\N	\N
10203001	1	\N	\N	\N
10203002	2	\N	\N	\N
10203003	3	\N	\N	\N
10203004	4	\N	\N	\N
10203005	5	\N	\N	\N
10203006	6	\N	\N	\N
10203007	7	\N	\N	\N
10203008	8	\N	\N	\N
10203009	9	\N	\N	\N
10203010	10	\N	\N	\N
10203011	11	\N	\N	\N
10203012	12	\N	\N	\N
10203013	13	\N	\N	\N
10203014	14	\N	\N	\N
10203015	15	\N	\N	\N
10203016	16	\N	\N	\N
10203017	17	\N	\N	\N
10203018	18	\N	\N	\N
10203019	19	\N	\N	\N
10203020	20	\N	\N	\N
10203021	21	\N	\N	\N
10203022	22	\N	\N	\N
10203023	23	\N	\N	\N
10203024	24	\N	\N	\N
10203025	25	\N	\N	\N
10203026	26	\N	\N	\N
10203027	27	\N	\N	\N
10203028	28	\N	\N	\N
10203029	29	\N	\N	\N
10203030	30	\N	\N	\N
10203031	31	\N	\N	\N
10204001	1	\N	\N	\N
10204002	2	\N	\N	\N
10204003	3	\N	\N	\N
10204004	4	\N	\N	\N
10204005	5	\N	\N	\N
10204006	6	\N	\N	\N
10204007	7	\N	\N	\N
10204008	8	\N	\N	\N
10204009	9	\N	\N	\N
10204010	10	\N	\N	\N
10204011	11	\N	\N	\N
10204012	12	\N	\N	\N
10204013	13	\N	\N	\N
10204014	14	\N	\N	\N
10204015	15	\N	\N	\N
10204016	16	\N	\N	\N
10204017	17	\N	\N	\N
10204018	18	\N	\N	\N
10204019	19	\N	\N	\N
10204020	20	\N	\N	\N
10204021	21	\N	\N	\N
10204022	22	\N	\N	\N
10205001	1	\N	\N	\N
10205002	2	\N	\N	\N
10205003	3	\N	\N	\N
10205004	4	\N	\N	\N
10205005	5	\N	\N	\N
10205006	6	\N	\N	\N
10205007	7	\N	\N	\N
10205008	8	\N	\N	\N
10205009	9	\N	\N	\N
10205010	10	\N	\N	\N
10205011	11	\N	\N	\N
10205012	12	\N	\N	\N
10205013	13	\N	\N	\N
10205014	14	\N	\N	\N
10205015	15	\N	\N	\N
10205016	16	\N	\N	\N
10205017	17	\N	\N	\N
10205018	18	\N	\N	\N
10205019	19	\N	\N	\N
10205020	20	\N	\N	\N
10205021	21	\N	\N	\N
10206001	1	\N	\N	\N
10206002	2	\N	\N	\N
10206003	3	\N	\N	\N
10206004	4	\N	\N	\N
10206005	5	\N	\N	\N
10206006	6	\N	\N	\N
10206007	7	\N	\N	\N
10206008	8	\N	\N	\N
10206009	9	\N	\N	\N
10206010	10	\N	\N	\N
10206011	11	\N	\N	\N
10206012	12	\N	\N	\N
10304001	1	\N	\N	\N
10304002	2	\N	\N	\N
10304003	3	\N	\N	\N
10304004	4	\N	\N	\N
10304005	5	\N	\N	\N
10301001	1	\N	\N	\N
10301002	2	\N	\N	\N
10301003	3	\N	\N	\N
10301004	4	\N	\N	\N
10301005	5	\N	\N	\N
10301006	6	\N	\N	\N
10301007	7	\N	\N	\N
10301008	8	\N	\N	\N
10301009	9	\N	\N	\N
10301010	10	\N	\N	\N
10301011	11	\N	\N	\N
10301012	12	\N	\N	\N
10301013	13	\N	\N	\N
10302001	1	\N	\N	\N
10302002	2	\N	\N	\N
10302003	3	\N	\N	\N
10302004	4	\N	\N	\N
10302005	5	\N	\N	\N
10302006	6	\N	\N	\N
10302007	7	\N	\N	\N
10302008	8	\N	\N	\N
10302009	9	\N	\N	\N
10302010	10	\N	\N	\N
10302011	11	\N	\N	\N
10302012	12	\N	\N	\N
10302013	13	\N	\N	\N
10303001	1	\N	\N	\N
10303002	2	\N	\N	\N
10303003	3	\N	\N	\N
10303004	4	\N	\N	\N
10303005	5	\N	\N	\N
10401001	1	\N	\N	\N
10401002	2	\N	\N	\N
10401003	3	\N	\N	\N
10401004	4	\N	\N	\N
10402001	1	\N	\N	\N
10402002	2	\N	\N	\N
10402003	3	\N	\N	\N
10402004	4	\N	\N	\N
10402005	5	\N	\N	\N
10402006	6	\N	\N	\N
10402007	7	\N	\N	\N
10402008	8	\N	\N	\N
10403001	1	\N	\N	\N
10403002	2	\N	\N	\N
10403003	3	\N	\N	\N
10403004	4	\N	\N	\N
10403005	5	\N	\N	\N
10403006	6	\N	\N	\N
10403007	7	\N	\N	\N
10403008	8	\N	\N	\N
10403009	9	\N	\N	\N
10403010	10	\N	\N	\N
10403011	11	\N	\N	\N
10403012	12	\N	\N	\N
10403013	13	\N	\N	\N
10403014	14	\N	\N	\N
10404001	1	\N	\N	\N
10404002	2	\N	\N	\N
10404003	3	\N	\N	\N
10404004	4	\N	\N	\N
10404005	5	\N	\N	\N
10404006	6	\N	\N	\N
10404007	7	\N	\N	\N
10404008	8	\N	\N	\N
10404009	9	\N	\N	\N
10404010	10	\N	\N	\N
10404011	11	\N	\N	\N
10404012	12	\N	\N	\N
10404013	13	\N	\N	\N
10404014	14	\N	\N	\N
10404015	15	\N	\N	\N
10404016	16	\N	\N	\N
10404017	17	\N	\N	\N
10404018	18	\N	\N	\N
10404019	19	\N	\N	\N
10404020	20	\N	\N	\N
10404021	21	\N	\N	\N
10404022	22	\N	\N	\N
10404023	23	\N	\N	\N
10404024	24	\N	\N	\N
10404025	25	\N	\N	\N
10405001	1	\N	\N	\N
10405002	2	\N	\N	\N
10405003	3	\N	\N	\N
10405004	4	\N	\N	\N
10405005	5	\N	\N	\N
10405006	6	\N	\N	\N
10405007	7	\N	\N	\N
10405008	8	\N	\N	\N
10405009	9	\N	\N	\N
10405010	10	\N	\N	\N
10405011	11	\N	\N	\N
10405012	12	\N	\N	\N
10405013	13	\N	\N	\N
10407001	1	\N	\N	\N
10407002	2	\N	\N	\N
10407003	3	\N	\N	\N
10407004	4	\N	\N	\N
10407005	5	\N	\N	\N
10407006	6	\N	\N	\N
10407007	7	\N	\N	\N
10408001	1	\N	\N	\N
10408002	2	\N	\N	\N
10408003	3	\N	\N	\N
10408004	4	\N	\N	\N
10408005	5	\N	\N	\N
10408006	6	\N	\N	\N
10408007	7	\N	\N	\N
10408008	8	\N	\N	\N
10408009	9	\N	\N	\N
10408010	10	\N	\N	\N
10501001	1	\N	\N	\N
10501002	2	\N	\N	\N
10501003	3	\N	\N	\N
10501004	4	\N	\N	\N
10502001	1	\N	\N	\N
10502002	2	\N	\N	\N
10502003	3	\N	\N	\N
10502004	4	\N	\N	\N
10503001	1	\N	\N	\N
10503002	2	\N	\N	\N
10503003	3	\N	\N	\N
10503004	4	\N	\N	\N
10503005	5	\N	\N	\N
10503006	6	\N	\N	\N
10503007	7	\N	\N	\N
19100001	1	\N	\N	\N
19100002	2	\N	\N	\N
19100003	3	\N	\N	\N
19100004	4	\N	\N	\N
19100005	5	\N	\N	\N
19100006	6	\N	\N	\N
19100007	7	\N	\N	\N
19100008	8	\N	\N	\N
19100009	9	\N	\N	\N
19100010	10	\N	\N	\N
19100011	11	\N	\N	\N
19100012	12	\N	\N	\N
19100013	13	\N	\N	\N
19100014	14	\N	\N	\N
19100015	15	\N	\N	\N
19100016	16	\N	\N	\N
19100017	17	\N	\N	\N
19100018	18	\N	\N	\N
19100019	19	\N	\N	\N
19100020	20	\N	\N	\N
19100021	21	\N	\N	\N
19100022	22	\N	\N	\N
19100023	23	\N	\N	\N
19100024	24	\N	\N	\N
19100025	25	\N	\N	\N
19100026	26	\N	\N	\N
19100027	27	\N	\N	\N
19100028	28	\N	\N	\N
19100029	29	\N	\N	\N
19100030	30	\N	\N	\N
19100031	31	\N	\N	\N
19100032	32	\N	\N	\N
19100033	33	\N	\N	\N
19100034	34	\N	\N	\N
19100035	35	\N	\N	\N
19100036	36	\N	\N	\N
19100037	37	\N	\N	\N
19100038	38	\N	\N	\N
19100039	39	\N	\N	\N
19100040	40	\N	\N	\N
19100041	41	\N	\N	\N
19100042	42	\N	\N	\N
19100043	43	\N	\N	\N
19100044	44	\N	\N	\N
19100045	45	\N	\N	\N
19100046	46	\N	\N	\N
19100047	47	\N	\N	\N
19100048	48	\N	\N	\N
19100049	49	\N	\N	\N
19100050	50	\N	\N	\N
19100051	51	\N	\N	\N
19100052	52	\N	\N	\N
19100053	53	\N	\N	\N
19100054	54	\N	\N	\N
19100055	55	\N	\N	\N
19100056	56	\N	\N	\N
19100057	57	\N	\N	\N
19100058	58	\N	\N	\N
19100059	59	\N	\N	\N
19100060	60	\N	\N	\N
19100061	61	\N	\N	\N
19100062	62	\N	\N	\N
19100063	63	\N	\N	\N
19100064	64	\N	\N	\N
19100065	65	\N	\N	\N
19100066	66	\N	\N	\N
19100067	67	\N	\N	\N
19100068	68	\N	\N	\N
19100069	69	\N	\N	\N
19100070	70	\N	\N	\N
19100071	71	\N	\N	\N
19100072	72	\N	\N	\N
19100073	73	\N	\N	\N
19100074	74	\N	\N	\N
19100075	75	\N	\N	\N
19100076	76	\N	\N	\N
19100077	77	\N	\N	\N
19100078	78	\N	\N	\N
19100079	79	\N	\N	\N
19100080	80	\N	\N	\N
19100081	81	\N	\N	\N
19100082	82	\N	\N	\N
19100083	83	\N	\N	\N
19100084	84	\N	\N	\N
19100085	85	\N	\N	\N
19100086	86	\N	\N	\N
19100087	87	\N	\N	\N
19100088	88	\N	\N	\N
19100089	89	\N	\N	\N
19100090	90	\N	\N	\N
19100091	91	\N	\N	\N
19100092	92	\N	\N	\N
19100093	93	\N	\N	\N
19100094	94	\N	\N	\N
19100095	95	\N	\N	\N
19100096	96	\N	\N	\N
19100097	97	\N	\N	\N
19100098	98	\N	\N	\N
19100099	99	\N	\N	\N
19100100	100	\N	\N	\N
19100101	101	\N	\N	\N
19100102	102	\N	\N	\N
19100103	103	\N	\N	\N
19100104	104	\N	\N	\N
19100105	105	\N	\N	\N
19100106	106	\N	\N	\N
19100107	107	\N	\N	\N
19100108	108	\N	\N	\N
19100109	109	\N	\N	\N
19100110	110	\N	\N	\N
19100111	111	\N	\N	\N
\.


--
-- Name: district_pkey; Type: CONSTRAINT; Schema: public; Owner: census; Tablespace: 
--

ALTER TABLE ONLY district
    ADD CONSTRAINT district_pkey PRIMARY KEY (code);


--
-- Name: municipality_pkey; Type: CONSTRAINT; Schema: public; Owner: census; Tablespace: 
--

ALTER TABLE ONLY municipality
    ADD CONSTRAINT municipality_pkey PRIMARY KEY (code);


--
-- Name: province_pkey; Type: CONSTRAINT; Schema: public; Owner: census; Tablespace: 
--

ALTER TABLE ONLY province
    ADD CONSTRAINT province_pkey PRIMARY KEY (code);


--
-- Name: ward_pkey; Type: CONSTRAINT; Schema: public; Owner: census; Tablespace: 
--

ALTER TABLE ONLY ward
    ADD CONSTRAINT ward_pkey PRIMARY KEY (code);


--
-- Name: district_province_code_fkey; Type: FK CONSTRAINT; Schema: public; Owner: census
--

ALTER TABLE ONLY district
    ADD CONSTRAINT district_province_code_fkey FOREIGN KEY (province_code) REFERENCES province(code);


--
-- Name: municipality_district_code_fkey; Type: FK CONSTRAINT; Schema: public; Owner: census
--

ALTER TABLE ONLY municipality
    ADD CONSTRAINT municipality_district_code_fkey FOREIGN KEY (district_code) REFERENCES district(code);


--
-- Name: municipality_province_code_fkey; Type: FK CONSTRAINT; Schema: public; Owner: census
--

ALTER TABLE ONLY municipality
    ADD CONSTRAINT municipality_province_code_fkey FOREIGN KEY (province_code) REFERENCES province(code);


--
-- Name: ward_district_code_fkey; Type: FK CONSTRAINT; Schema: public; Owner: census
--

ALTER TABLE ONLY ward
    ADD CONSTRAINT ward_district_code_fkey FOREIGN KEY (district_code) REFERENCES district(code);


--
-- Name: ward_muni_code_fkey; Type: FK CONSTRAINT; Schema: public; Owner: census
--

ALTER TABLE ONLY ward
    ADD CONSTRAINT ward_muni_code_fkey FOREIGN KEY (muni_code) REFERENCES municipality(code);


--
-- Name: ward_province_code_fkey; Type: FK CONSTRAINT; Schema: public; Owner: census
--

ALTER TABLE ONLY ward
    ADD CONSTRAINT ward_province_code_fkey FOREIGN KEY (province_code) REFERENCES province(code);


--
-- PostgreSQL database dump complete
--

